{
 "scaleType": "quantile",
 "geoType": "county",
 "parts": 10,
 "idColumn": "county",
 "dataColumn": "frac_before_6",
 "colorScheme": "RdYlGn",
 "invertColors": false,
 "canvasHeight": 700,
 "canvasWidth": 1350,
 "cutoffs": "",
 "tooltips": [],
 "margin": {
  "top": 0,
  "right": 0,
  "bottom": 30,
  "left": 30
 },
 "legendLabels": [],
 "labelForMissingData": "Missing Data",
 "legendTitle": "",
 "legendStyle": "basic",
 "projectionType": "albers",
 "noLegend": false,
 "drawMap": true,
 "mapScale": 1400,
 "legendHeight": 30,
 "legendWidth": 30,
 "fontSize": "",
 "colors": "",
 "drawStatesMesh": false,
 "drawCountiesMesh": false,
 "drawPrimaryRoads": false,
 "formatStr": ".2f"
}