zipcode,percentSingleFemHHWithKids,percentBlackHH,percentPoorHH,percentTTUnder15Min,totalIndividuals,perCapitaIncome,CBSA,METNAME
6390,0,0,0,80.64516129,236,115037.3889,35620,"new york-newark-jersey city, ny-nj-pa"
7001,3.56142457,12.76510604,6.9,20.39677619,16305,32066.09205,35620,"new york-newark-jersey city, ny-nj-pa"
7002,9.288560944,7.978534507,11.9,23.34657467,63031,41519.25832,35620,"new york-newark-jersey city, ny-nj-pa"
7003,7.571388182,15.44246537,6.4,17.49523204,47312,45399.17422,35620,"new york-newark-jersey city, ny-nj-pa"
7004,1.39220366,3.54017502,0.6,30.95093882,7440,68837.63921,35620,"new york-newark-jersey city, ny-nj-pa"
7005,6.377180233,4.069767442,4.1,25.72780726,15269,67031.62922,35620,"new york-newark-jersey city, ny-nj-pa"
7006,3.747704936,1.857652014,2.3,26.45681582,24812,82555.65285,35620,"new york-newark-jersey city, ny-nj-pa"
7008,7.806928171,15.19358125,11.4,17.54511163,22844,35079.06494,35620,"new york-newark-jersey city, ny-nj-pa"
7009,3.14406382,2.275926795,3.1,18.00870511,12411,72665.68683,35620,"new york-newark-jersey city, ny-nj-pa"
7010,4.408759124,3.03649635,10.9,16.71008894,23594,53906.1601,35620,"new york-newark-jersey city, ny-nj-pa"
7011,6.944221186,5.626105128,10.9,21.8580433,39710,30330.61676,35620,"new york-newark-jersey city, ny-nj-pa"
7012,1.488673139,2.459546926,1.4,23.86790911,11703,58990.26225,35620,"new york-newark-jersey city, ny-nj-pa"
7013,3.960993264,4.684829597,3.9,25.25346335,27051,53157.38198,35620,"new york-newark-jersey city, ny-nj-pa"
7014,5.686695279,6.920600858,8.1,18.28748547,5184,50839.83172,35620,"new york-newark-jersey city, ny-nj-pa"
7016,3.638104356,3.494494974,1,23.74281609,22625,76993.81644,35620,"new york-newark-jersey city, ny-nj-pa"
7017,14.41551886,89.91130021,16.7,16.67351129,35945,29830.11406,35620,"new york-newark-jersey city, ny-nj-pa"
7018,17.82090084,89.85223429,18.8,13.374503,28322,30087.04671,35620,"new york-newark-jersey city, ny-nj-pa"
7020,6.135839688,6.827451676,7,5.708529214,11513,89471.86229,35620,"new york-newark-jersey city, ny-nj-pa"
7021,3.797468354,0.421940928,1.5,24.61024499,2091,144645.0216,35620,"new york-newark-jersey city, ny-nj-pa"
7022,11.77764447,2.459508098,13.4,16.6387493,13835,32760.43731,35620,"new york-newark-jersey city, ny-nj-pa"
7023,2.482979575,4.205046055,0,20.32339002,7318,73791.5407,35620,"new york-newark-jersey city, ny-nj-pa"
7024,3.374544586,1.564833065,6.6,20.82279652,35353,71953.33332,35620,"new york-newark-jersey city, ny-nj-pa"
7026,11.43302466,6.702117906,11.1,29.7349432,30555,30865.24509,35620,"new york-newark-jersey city, ny-nj-pa"
7027,3.144266338,0.493218249,0.5,30.17865765,4226,54184.46865,35620,"new york-newark-jersey city, ny-nj-pa"
7028,4.721549637,6.658595642,1.8,21.32352941,7618,111164.3869,35620,"new york-newark-jersey city, ny-nj-pa"
7029,7.349126751,1.262320595,12.2,15.44297287,16026,32631.80171,35620,"new york-newark-jersey city, ny-nj-pa"
7030,5.221486019,2.554485977,11.4,8.730683285,50005,84474.1118,35620,"new york-newark-jersey city, ny-nj-pa"
7031,7.071696881,0.80026131,6.7,16.83702442,15392,49406.82904,35620,"new york-newark-jersey city, ny-nj-pa"
7032,8.101340404,2.06952423,7.9,16.98941247,40684,34672.82869,35620,"new york-newark-jersey city, ny-nj-pa"
7033,5.206738132,2.526799387,6.1,24.77760335,7914,49162.29457,35620,"new york-newark-jersey city, ny-nj-pa"
7034,3.341013825,3.715437788,3.7,20.77759197,9360,47186.24225,35620,"new york-newark-jersey city, ny-nj-pa"
7035,3.773113443,1.749125437,3.9,31.39339675,10607,52058.96993,35620,"new york-newark-jersey city, ny-nj-pa"
7036,7.499836676,25.29561638,7.4,25.49156602,41970,38317.48485,35620,"new york-newark-jersey city, ny-nj-pa"
7039,2.581113299,0.829273349,1.8,25.00193633,29358,95725.85359,35620,"new york-newark-jersey city, ny-nj-pa"
7040,9.313603581,29.66923651,3,12.99698382,23876,77403.927,35620,"new york-newark-jersey city, ny-nj-pa"
7041,3.595154357,4.181320828,0.9,14.30832542,6868,81452.40133,35620,"new york-newark-jersey city, ny-nj-pa"
7042,8.665598077,33.44019235,5.1,19.0078418,25599,71510.20047,35620,"new york-newark-jersey city, ny-nj-pa"
7043,3.631677601,3.795688847,1.2,20.89715536,12138,118379.5787,35620,"new york-newark-jersey city, ny-nj-pa"
7044,1.68683535,4.235423542,1.2,21.62637363,13584,84789.30633,35620,"new york-newark-jersey city, ny-nj-pa"
7045,3.395585739,0.6508206,2.9,20.07208831,10127,89827.11888,35620,"new york-newark-jersey city, ny-nj-pa"
7046,3.301127214,0,1.8,23.80653266,4194,126188.614,35620,"new york-newark-jersey city, ny-nj-pa"
7047,10.66777886,3.378284443,12.1,17.08847448,60773,36139.55242,35620,"new york-newark-jersey city, ny-nj-pa"
7050,13.43176089,77.7817789,19.8,11.52804334,30074,25875.568,35620,"new york-newark-jersey city, ny-nj-pa"
7052,5.706882386,21.8605827,4.7,18.17163134,46182,64526.22267,35620,"new york-newark-jersey city, ny-nj-pa"
7054,3.401609364,5.13899049,3.8,23.35991048,29305,53809.23317,35620,"new york-newark-jersey city, ny-nj-pa"
7055,16.62376238,14.21782178,28.8,20.85688101,69816,20907.04867,35620,"new york-newark-jersey city, ny-nj-pa"
7057,6.894329897,5.670103093,9.1,28.4173298,11335,39076.58644,35620,"new york-newark-jersey city, ny-nj-pa"
7058,3.197969543,0,1.8,21.06049291,5372,72776.28277,35620,"new york-newark-jersey city, ny-nj-pa"
7059,1.829640171,0.569221386,1.3,15.33333333,15311,103839.3958,35620,"new york-newark-jersey city, ny-nj-pa"
7060,12.00229984,36.57467299,16.7,21.1414478,44998,31053.77812,35620,"new york-newark-jersey city, ny-nj-pa"
7062,12.55848313,61.61044078,13.9,20.06671348,12949,34599.059,35620,"new york-newark-jersey city, ny-nj-pa"
7063,9.916274202,41.94139194,13,16.39412417,13538,32147.66743,35620,"new york-newark-jersey city, ny-nj-pa"
7064,11.70731707,6.422764228,6.2,20.54120541,3723,38763.69762,35620,"new york-newark-jersey city, ny-nj-pa"
7065,7.940688713,30.49458589,8,24.53366086,27346,39662.99141,35620,"new york-newark-jersey city, ny-nj-pa"
7066,2.898821769,0.748083037,3.3,24.51821635,14756,61247.14799,35620,"new york-newark-jersey city, ny-nj-pa"
7067,2.85202086,5.508474576,3.4,24.2623695,18036,53112.06729,35620,"new york-newark-jersey city, ny-nj-pa"
7068,4.45807771,1.513292434,0,15.86623977,5819,99551.7657,35620,"new york-newark-jersey city, ny-nj-pa"
7069,0.67904029,2.806699864,3.5,16.34036145,6157,114172.2097,35620,"new york-newark-jersey city, ny-nj-pa"
7070,4.143605086,3.021690352,5.1,22.49388753,18061,58154.91831,35620,"new york-newark-jersey city, ny-nj-pa"
7071,4.349993768,2.131372305,4.8,28.15108514,20554,49283.33286,35620,"new york-newark-jersey city, ny-nj-pa"
7072,1.800180018,0.585058506,7.5,35.59650824,6127,47565.12169,35620,"new york-newark-jersey city, ny-nj-pa"
7073,5.722350526,1.129073646,6.2,26.56186198,8913,52004.77195,35620,"new york-newark-jersey city, ny-nj-pa"
7074,8.449396472,0.928505107,5.6,29.97639654,2708,43106.25437,35620,"new york-newark-jersey city, ny-nj-pa"
7075,1.561461794,0.564784053,4.9,31.22923588,7626,59531.69478,35620,"new york-newark-jersey city, ny-nj-pa"
7076,5.004721435,13.24362606,0.6,19.76308684,23480,80182.83066,35620,"new york-newark-jersey city, ny-nj-pa"
7077,7.189542484,16.12200436,0,29.62962963,2766,42457.38028,35620,"new york-newark-jersey city, ny-nj-pa"
7078,2.412604628,0.541605121,1.9,20.33221194,13250,165472.5763,35620,"new york-newark-jersey city, ny-nj-pa"
7079,4.935742224,24.38070404,3.1,14.39688716,16316,73161.24194,35620,"new york-newark-jersey city, ny-nj-pa"
7080,4.985082049,10.70363003,2.2,23.57111976,23377,52215.12775,35620,"new york-newark-jersey city, ny-nj-pa"
7081,4.445085871,6.263530091,4.6,23.67579097,15808,73138.62295,35620,"new york-newark-jersey city, ny-nj-pa"
7082,1.796743403,0.561482313,4,14.07572383,5384,83144.57895,35620,"new york-newark-jersey city, ny-nj-pa"
7083,7.124789207,23.09232715,4.9,18.26581379,53053,48122.56208,35620,"new york-newark-jersey city, ny-nj-pa"
7086,3.709090909,7.709090909,7,11.54492024,12554,64694.91525,35620,"new york-newark-jersey city, ny-nj-pa"
7087,14.37388988,5.457371226,22.2,15.53483808,66515,26839.93368,35620,"new york-newark-jersey city, ny-nj-pa"
7088,6.206361521,83.94103957,13.7,20.61302682,3606,31765.75887,35620,"new york-newark-jersey city, ny-nj-pa"
7090,2.599433206,4.759112675,1.1,23.75938685,30338,104123.3284,35620,"new york-newark-jersey city, ny-nj-pa"
7092,0,2.548294287,3.8,23.33333333,6730,112906.905,35620,"new york-newark-jersey city, ny-nj-pa"
7093,9.64127508,5.194128377,16.7,13.37321302,60884,36889.8276,35620,"new york-newark-jersey city, ny-nj-pa"
7094,4.866218119,2.284462525,6.6,26.85231855,16264,60380.33565,35620,"new york-newark-jersey city, ny-nj-pa"
7095,5.235325225,9.069275516,5.2,22.85331409,19844,48741.28634,35620,"new york-newark-jersey city, ny-nj-pa"
7102,12.24444933,59.06792702,33.9,28.28200972,12579,17384.54901,35620,"new york-newark-jersey city, ny-nj-pa"
7103,24.00898262,81.44893575,34,19.40099834,32698,18579.77323,35620,"new york-newark-jersey city, ny-nj-pa"
7104,17.32693546,30.68055474,24.7,15.24418545,50478,23019.72336,35620,"new york-newark-jersey city, ny-nj-pa"
7105,9.309596733,7.063552833,18.6,23.18061599,46983,23267.18462,35620,"new york-newark-jersey city, ny-nj-pa"
7106,16.27131208,85.98962194,19.3,11.208577,31298,27244.88079,35620,"new york-newark-jersey city, ny-nj-pa"
7107,21.64582493,44.07422348,26.8,16.01817249,37650,21628.09943,35620,"new york-newark-jersey city, ny-nj-pa"
7108,23.85466035,90.1932191,35.2,16.43872352,24386,20928.4502,35620,"new york-newark-jersey city, ny-nj-pa"
7109,7.191780822,8.748443337,5.2,17.0751123,35897,39349.0036,35620,"new york-newark-jersey city, ny-nj-pa"
7110,3.615103097,2.776042132,3.7,21.7122228,28351,56156.27001,35620,"new york-newark-jersey city, ny-nj-pa"
7111,15.26339264,86.98647108,20.6,12.86785667,53942,25594.6422,35620,"new york-newark-jersey city, ny-nj-pa"
7112,18.73541269,93.87863357,21.7,20.35837214,26417,26285.14102,35620,"new york-newark-jersey city, ny-nj-pa"
7114,20.93310294,56.18365836,43.7,16.09068289,14748,13374.8456,35620,"new york-newark-jersey city, ny-nj-pa"
7201,13.46844536,29.6049256,14.6,25.77148438,26263,22294.56266,35620,"new york-newark-jersey city, ny-nj-pa"
7202,14.37363957,12.99256924,15.9,25.08495013,40849,25439.73664,35620,"new york-newark-jersey city, ny-nj-pa"
7203,11.52223695,55.32120043,11.4,15.73955669,21085,34411.68907,35620,"new york-newark-jersey city, ny-nj-pa"
7204,7.484971883,5.914291255,4,15.8985065,13297,42124.53009,35620,"new york-newark-jersey city, ny-nj-pa"
7205,10.77836047,55.3960806,13.5,18.16874401,21398,36485.7354,35620,"new york-newark-jersey city, ny-nj-pa"
7206,21.31751227,23.82705947,20.6,26.89661672,26636,22131.55163,35620,"new york-newark-jersey city, ny-nj-pa"
7208,11.63533492,23.6630772,15.5,20.69934641,31219,32070.75116,35620,"new york-newark-jersey city, ny-nj-pa"
7302,2.602845484,8.734972979,7,10.50314742,36352,76912.93675,35620,"new york-newark-jersey city, ny-nj-pa"
7304,12.74556133,43.61709309,20.4,13.86372371,41233,31839.16597,35620,"new york-newark-jersey city, ny-nj-pa"
7305,15.22136332,50.44741157,17.6,14.93039262,60104,37526.17104,35620,"new york-newark-jersey city, ny-nj-pa"
7306,8.350204928,17.14483235,19.2,13.21126529,52669,31669.2499,35620,"new york-newark-jersey city, ny-nj-pa"
7307,8.12935387,9.746277242,13.1,11.91347914,43812,34342.89138,35620,"new york-newark-jersey city, ny-nj-pa"
7310,3.238795518,5.602240896,8.1,8.50663994,12838,75522.24743,35620,"new york-newark-jersey city, ny-nj-pa"
7311,0,4.6875,0,10.626703,522,160397.9786,35620,"new york-newark-jersey city, ny-nj-pa"
7401,5.977229602,0,1.5,27.05154639,6494,87585.83605,35620,"new york-newark-jersey city, ny-nj-pa"
7403,0.927299703,0,5.2,25.80550674,7603,46038.58002,35620,"new york-newark-jersey city, ny-nj-pa"
7405,3.334372079,0.171392957,1.6,17.79384328,17701,73903.93408,35620,"new york-newark-jersey city, ny-nj-pa"
7407,7.764106916,6.081176637,7.2,27.95051103,19403,43111.08515,35620,"new york-newark-jersey city, ny-nj-pa"
7410,5.033752813,1.891824319,3.8,21.03321033,32457,63348.98057,35620,"new york-newark-jersey city, ny-nj-pa"
7416,3.227176221,1.401273885,4.1,23.70865849,5781,44275.06267,35620,"new york-newark-jersey city, ny-nj-pa"
7417,2.617655249,1.253132832,1.9,18.10383747,10580,132025.5374,35620,"new york-newark-jersey city, ny-nj-pa"
7418,1.206434316,3.619302949,1.9,11.76470588,2249,57177.27552,35620,"new york-newark-jersey city, ny-nj-pa"
7419,3.85937087,0.687285223,2.8,16.23931624,9160,52963.82401,35620,"new york-newark-jersey city, ny-nj-pa"
7420,10.34246575,1.095890411,3.7,27.12253327,4942,38047.39898,35620,"new york-newark-jersey city, ny-nj-pa"
7421,5.810397554,0,4,15.88960343,7439,44963.32995,35620,"new york-newark-jersey city, ny-nj-pa"
7422,7.064760303,0.294365013,4.3,12.30333543,6616,43201.21496,35620,"new york-newark-jersey city, ny-nj-pa"
7423,2.641232575,0,0.7,25.05910165,4078,127266.5653,35620,"new york-newark-jersey city, ny-nj-pa"
7424,5.139607032,3.443640124,6.1,28.55861732,26222,46848.17067,35620,"new york-newark-jersey city, ny-nj-pa"
7430,3.280542986,1.912793089,2.2,27.0701155,25890,71000.00266,35620,"new york-newark-jersey city, ny-nj-pa"
7432,1.037567084,0,0,34.90304709,7128,68231.85648,35620,"new york-newark-jersey city, ny-nj-pa"
7435,8.092485549,0,6.5,18.34061135,2405,68019.6798,35620,"new york-newark-jersey city, ny-nj-pa"
7436,4.750537121,0.334208642,0.6,22.63388938,12754,67019.42241,35620,"new york-newark-jersey city, ny-nj-pa"
7438,2.787967718,0.391293715,2.7,13.89454209,11559,57807.86717,35620,"new york-newark-jersey city, ny-nj-pa"
7439,6.299212598,0,1.6,18.31806828,2456,45060.12917,35620,"new york-newark-jersey city, ny-nj-pa"
7440,3.28611898,0,0,32.73972603,4494,62922.86285,35620,"new york-newark-jersey city, ny-nj-pa"
7442,3.921078921,0,3.2,19.66463415,11097,49917.05367,35620,"new york-newark-jersey city, ny-nj-pa"
7444,3.049723757,0.287292818,1.9,28.73747495,11046,76810.16349,35620,"new york-newark-jersey city, ny-nj-pa"
7446,3.566878981,0,1.7,28.98759735,14484,93327.93337,35620,"new york-newark-jersey city, ny-nj-pa"
7450,3.623361144,1.537544696,2.4,24.20697859,24985,111771.1917,35620,"new york-newark-jersey city, ny-nj-pa"
7452,3.504043127,1.590296496,2.3,26.52398242,11601,105531.3277,35620,"new york-newark-jersey city, ny-nj-pa"
7456,2.767811379,0.205023065,2.5,17.51709627,12211,53538.55005,35620,"new york-newark-jersey city, ny-nj-pa"
7457,0.809248555,0,1.2,27.90091265,3559,69792.82176,35620,"new york-newark-jersey city, ny-nj-pa"
7458,1.51187905,1.052915767,2.5,24.16685058,11360,130264.1444,35620,"new york-newark-jersey city, ny-nj-pa"
7460,0.620636152,0.853374709,0.7,14.64344039,3457,52047.68735,35620,"new york-newark-jersey city, ny-nj-pa"
7461,3.508516524,1.339350706,4.4,19.13716814,19563,48165.23308,35620,"new york-newark-jersey city, ny-nj-pa"
7462,7.029741213,1.429123214,6.8,19.73119817,6885,45873.05825,35620,"new york-newark-jersey city, ny-nj-pa"
7463,2.160402486,0.739863865,2.9,30.44899738,9615,66411.95733,35620,"new york-newark-jersey city, ny-nj-pa"
7465,3.987366759,2.28977497,2.1,14.12003479,6244,64025.22064,35620,"new york-newark-jersey city, ny-nj-pa"
7470,3.818341185,1.889996713,1.8,26.29906245,54717,65882.20011,35620,"new york-newark-jersey city, ny-nj-pa"
7480,2.34559568,0.236247047,1.8,17.45647969,16122,59150.39993,35620,"new york-newark-jersey city, ny-nj-pa"
7481,3.800515907,0.171969046,0.6,25.1338446,16716,110526.9733,35620,"new york-newark-jersey city, ny-nj-pa"
7495,,,,,0,,35620,"new york-newark-jersey city, ny-nj-pa"
7501,19.90241919,32.96401708,35.5,23.80588042,33543,14171.85219,35620,"new york-newark-jersey city, ny-nj-pa"
7502,12.19454887,17.78665414,17.4,16.65840357,15406,26663.44675,35620,"new york-newark-jersey city, ny-nj-pa"
7503,13.5849713,9.879979127,23,27.06523149,18723,22409.77415,35620,"new york-newark-jersey city, ny-nj-pa"
7504,17.39621576,62.24230443,15.7,31.79233168,12882,25024.27336,35620,"new york-newark-jersey city, ny-nj-pa"
7505,10.08403361,31.61764706,28.6,25.9779338,2256,24389.61438,35620,"new york-newark-jersey city, ny-nj-pa"
7506,6.529504215,1.171595942,5.2,34.54225739,18791,53703.05336,35620,"new york-newark-jersey city, ny-nj-pa"
7508,8.093626622,10.01128032,5.9,29.40366972,22600,44453.05132,35620,"new york-newark-jersey city, ny-nj-pa"
7512,3.814166906,1.921422426,3.1,25,10804,47133.07609,35620,"new york-newark-jersey city, ny-nj-pa"
7513,15.65485362,23.91371341,13.9,32.19358233,11508,21724.73989,35620,"new york-newark-jersey city, ny-nj-pa"
7514,15.72107765,53.07448494,28.1,28.83267297,18289,23828.26945,35620,"new york-newark-jersey city, ny-nj-pa"
7522,25.23136873,43.22130216,33.7,21.33588912,20883,18628.93736,35620,"new york-newark-jersey city, ny-nj-pa"
7524,22.26593234,28.21924993,31.3,24.99458053,12709,19597.64409,35620,"new york-newark-jersey city, ny-nj-pa"
7601,8.278962662,25.2151982,15.1,23.74854482,43010,41695.97388,35620,"new york-newark-jersey city, ny-nj-pa"
7603,6.166419019,5.089153046,8.5,18.08240081,8187,44692.57834,35620,"new york-newark-jersey city, ny-nj-pa"
7604,5.326111487,1.940871135,5.9,22.75759822,11842,58310.56512,35620,"new york-newark-jersey city, ny-nj-pa"
7605,7.110845533,3.525545264,9.8,16.76210307,8950,62573.96151,35620,"new york-newark-jersey city, ny-nj-pa"
7606,7.717750827,7.166482911,3.2,39.21052632,2310,50398.21773,35620,"new york-newark-jersey city, ny-nj-pa"
7607,3.741403026,4.209078404,6.1,28.06872283,9555,55032.91509,35620,"new york-newark-jersey city, ny-nj-pa"
7608,0,0,0,30.43478261,67,58950.19565,35620,"new york-newark-jersey city, ny-nj-pa"
7620,0.780031201,2.184087363,2.8,15.32364597,1849,153363.3311,35620,"new york-newark-jersey city, ny-nj-pa"
7621,3.26740247,5.649655775,7.6,15.92009685,26761,48649.29569,35620,"new york-newark-jersey city, ny-nj-pa"
7624,3.858636855,1.117922827,3.4,23.98018648,8373,75552,35620,"new york-newark-jersey city, ny-nj-pa"
7626,2.766295707,0,3.2,21.15208778,8537,89253.40714,35620,"new york-newark-jersey city, ny-nj-pa"
7627,2.655401328,0,2.4,17.17519685,4881,103259.7738,35620,"new york-newark-jersey city, ny-nj-pa"
7628,3.490955252,1.094890511,2.2,21.03893164,17433,55012.02381,35620,"new york-newark-jersey city, ny-nj-pa"
7630,5.784114053,2.281059063,3.4,25.44025157,7379,63235.5157,35620,"new york-newark-jersey city, ny-nj-pa"
7631,5.667222277,32.93460143,9.4,17.92064601,27119,63320.84011,35620,"new york-newark-jersey city, ny-nj-pa"
7632,2.723735409,0.500277932,6.2,20.55016181,5309,106532.0107,35620,"new york-newark-jersey city, ny-nj-pa"
7640,2.300242131,0,1.4,18.90440387,4664,91913.157,35620,"new york-newark-jersey city, ny-nj-pa"
7641,4.166666667,1.996527778,3.3,14.33666191,3382,91963.50502,35620,"new york-newark-jersey city, ny-nj-pa"
7642,5.276816609,0.83621684,3.1,27.64746072,10207,69629.68004,35620,"new york-newark-jersey city, ny-nj-pa"
7643,4.225352113,4.151223128,5.4,21.02654867,10626,45316.89417,35620,"new york-newark-jersey city, ny-nj-pa"
7644,11.0296496,9.552560647,12.5,28.08491818,24136,36734.56744,35620,"new york-newark-jersey city, ny-nj-pa"
7645,6.702702703,0.576576577,4.5,25.64102564,7832,77004.31138,35620,"new york-newark-jersey city, ny-nj-pa"
7646,4.219823356,5.806346091,4.3,20.69264069,16341,53535.5418,35620,"new york-newark-jersey city, ny-nj-pa"
7647,4.507405023,1.094655505,8.2,33.31889081,5152,54879.72722,35620,"new york-newark-jersey city, ny-nj-pa"
7648,4.682454252,1.345532831,2.9,17.53653445,5730,70259.88707,35620,"new york-newark-jersey city, ny-nj-pa"
7649,2.354728447,0.759589821,0,28.7585266,7978,96550.23156,35620,"new york-newark-jersey city, ny-nj-pa"
7650,4.410563572,2.341410291,9.6,22.1120854,19601,39053.97615,35620,"new york-newark-jersey city, ny-nj-pa"
7652,3.881464265,1.150493899,2.6,24.87088883,26342,68508.32178,35620,"new york-newark-jersey city, ny-nj-pa"
7656,4.210526316,1.212121212,1.4,24.51630735,8669,77834.42243,35620,"new york-newark-jersey city, ny-nj-pa"
7657,5.930967428,0.802139037,4.4,19.68534152,11032,44474.22576,35620,"new york-newark-jersey city, ny-nj-pa"
7660,6.723609286,5.847568988,4.1,20.36765902,12729,43434.22255,35620,"new york-newark-jersey city, ny-nj-pa"
7661,1.22745491,0.526052104,0.7,21.08990753,11340,64456.34096,35620,"new york-newark-jersey city, ny-nj-pa"
7662,1.112185687,1.112185687,2.1,31.7812269,5530,53683.03745,35620,"new york-newark-jersey city, ny-nj-pa"
7663,3.466204506,0.616214134,5.7,33.69768894,13659,53596.58012,35620,"new york-newark-jersey city, ny-nj-pa"
7666,5.753529187,26.83708508,5.5,18.01078288,39776,60849.65869,35620,"new york-newark-jersey city, ny-nj-pa"
7670,5.252317199,1.091658084,2.9,15.17715494,14573,119709.1214,35620,"new york-newark-jersey city, ny-nj-pa"
7675,3.149853495,2.637086647,2.6,20.32751869,26339,78378.81024,35620,"new york-newark-jersey city, ny-nj-pa"
7676,3.007290401,0,1.8,19.84267952,9075,88037.89201,35620,"new york-newark-jersey city, ny-nj-pa"
7677,0.386286818,1.738290681,1.4,23.25196525,5730,101198.9923,35620,"new york-newark-jersey city, ny-nj-pa"
7701,5.47916882,7.288328337,6.1,28.81355932,23813,62443.29249,35620,"new york-newark-jersey city, ny-nj-pa"
7702,5.105105105,0.675675676,1,30.40229885,3809,85803.96021,35620,"new york-newark-jersey city, ny-nj-pa"
7703,5.882352941,23.52941176,0,75,690,22166.55382,35620,"new york-newark-jersey city, ny-nj-pa"
7704,1.407129456,3.330206379,0.8,32.46592317,6133,104334.0524,35620,"new york-newark-jersey city, ny-nj-pa"
7711,3.6121673,0,1.3,39.34871099,1533,74080.26654,35620,"new york-newark-jersey city, ny-nj-pa"
7712,8.711165795,25.30913565,14.5,35.62541657,39158,48322.68707,35620,"new york-newark-jersey city, ny-nj-pa"
7716,7.55831119,1.62385592,2.4,23.84072581,8574,61580.66496,35620,"new york-newark-jersey city, ny-nj-pa"
7717,4.453870626,0,1.8,39.23766816,1901,87512.28286,35620,"new york-newark-jersey city, ny-nj-pa"
7718,7.657038056,0,7.3,25.1826087,6263,52050.01905,35620,"new york-newark-jersey city, ny-nj-pa"
7719,5.65295572,1.933018656,5.6,34.65098342,21538,61820.85945,35620,"new york-newark-jersey city, ny-nj-pa"
7720,3.512773723,2.46350365,12.8,29.83529412,4298,54425.8242,35620,"new york-newark-jersey city, ny-nj-pa"
7721,5.023696682,30.99526066,1.4,17.27785614,2974,45712.35987,35620,"new york-newark-jersey city, ny-nj-pa"
7722,5.479452055,0.933997509,3.2,18.25293351,10209,101207.0756,35620,"new york-newark-jersey city, ny-nj-pa"
7723,1.168224299,0.700934579,6.7,47.48358862,1020,103215.1517,35620,"new york-newark-jersey city, ny-nj-pa"
7724,6.511627907,12.86443562,3.9,35.35639317,21710,57708.10331,35620,"new york-newark-jersey city, ny-nj-pa"
7726,3.734610123,2.640218878,2.9,20.41060291,42508,65818.02737,35620,"new york-newark-jersey city, ny-nj-pa"
7727,5.300353357,7.499018453,4.3,28.71137905,7050,60641.44165,35620,"new york-newark-jersey city, ny-nj-pa"
7728,4.276615105,4.210898797,4.3,26.41176471,56257,55708.96722,35620,"new york-newark-jersey city, ny-nj-pa"
7730,1.796610169,2.203389831,2.4,25.56234719,17396,51285.92398,35620,"new york-newark-jersey city, ny-nj-pa"
7731,7.319399189,3.925931813,4.7,20.34751543,38304,48746.35056,35620,"new york-newark-jersey city, ny-nj-pa"
7732,1.030927835,2.515463918,11.5,15.62252181,5189,58938.42119,35620,"new york-newark-jersey city, ny-nj-pa"
7733,2.735288825,2.177433867,2.3,17.80152672,16849,98635.46911,35620,"new york-newark-jersey city, ny-nj-pa"
7734,10.64033742,5.13803681,13.9,19.5819398,13269,36013.02469,35620,"new york-newark-jersey city, ny-nj-pa"
7735,3.111892843,4.519009606,2.5,23.03577048,19569,42144.94041,35620,"new york-newark-jersey city, ny-nj-pa"
7737,3.335649757,0,5.8,31.22994652,4264,48168.24687,35620,"new york-newark-jersey city, ny-nj-pa"
7738,4.496986555,0.880853037,3,17.27272727,6095,86862.95748,35620,"new york-newark-jersey city, ny-nj-pa"
7739,4.613166747,0,1.7,33.51396415,5938,102773.8666,35620,"new york-newark-jersey city, ny-nj-pa"
7740,8.825224335,14.43977937,12.6,29.56558713,31038,40542.22957,35620,"new york-newark-jersey city, ny-nj-pa"
7746,1.549136679,1.226399871,2.3,13.14462526,18666,86170.77091,35620,"new york-newark-jersey city, ny-nj-pa"
7747,2.939391312,4.994363999,3.3,18.06768165,30770,60990.19597,35620,"new york-newark-jersey city, ny-nj-pa"
7748,4.613800206,0.484037075,2.8,22.3168112,28030,68591.84804,35620,"new york-newark-jersey city, ny-nj-pa"
7750,5.908513342,0,6.2,19.83860121,3279,108369.2445,35620,"new york-newark-jersey city, ny-nj-pa"
7751,2.801168586,1.976284585,0.4,11.58398388,19736,77427.25211,35620,"new york-newark-jersey city, ny-nj-pa"
7753,8.53220426,28.31665384,7,36.21062755,37554,50171.62161,35620,"new york-newark-jersey city, ny-nj-pa"
7755,6.121516674,0.411146642,9,38.25528701,6363,60172.18145,35620,"new york-newark-jersey city, ny-nj-pa"
7756,4.712643678,3.16091954,0,37.81818182,3342,58332.61378,35620,"new york-newark-jersey city, ny-nj-pa"
7757,5.124521073,1.197318008,3.2,40.48034934,5356,76886.85417,35620,"new york-newark-jersey city, ny-nj-pa"
7758,4.2088439,0.532765051,3.3,23.98452611,4967,58465.41984,35620,"new york-newark-jersey city, ny-nj-pa"
7760,5.577095139,1.431553832,4.5,29.9856528,9283,115537.5121,35620,"new york-newark-jersey city, ny-nj-pa"
7762,2.107180021,0.754422477,3.1,25.88235294,8403,88509.4645,35620,"new york-newark-jersey city, ny-nj-pa"
7764,3.370340999,0,4.6,49.22376874,8097,47620.49514,35620,"new york-newark-jersey city, ny-nj-pa"
7801,6.833684733,4.973334987,3.3,37.97512822,25386,35055.25398,35620,"new york-newark-jersey city, ny-nj-pa"
7803,2.468152866,2.707006369,2.1,17.66042022,3651,53020.4314,35620,"new york-newark-jersey city, ny-nj-pa"
7821,2.966101695,0.39346247,2,12.81822242,9193,67257.33567,35620,"new york-newark-jersey city, ny-nj-pa"
7822,3.647416413,4.255319149,4.8,27.55102041,887,54401.17978,35620,"new york-newark-jersey city, ny-nj-pa"
7826,1.76301763,0,2.1,27.52650177,6180,58029.17974,35620,"new york-newark-jersey city, ny-nj-pa"
7827,3.23699422,0.924855491,12.4,19.52662722,4244,43212.98492,35620,"new york-newark-jersey city, ny-nj-pa"
7828,5.262237762,7.77972028,4.5,18.95868704,14150,52169.88622,35620,"new york-newark-jersey city, ny-nj-pa"
7830,1.04879161,0.820793434,0,16.75017895,6503,83986.53877,35620,"new york-newark-jersey city, ny-nj-pa"
7834,3.420052616,2.338497515,0.8,20.77674529,17722,77199.95539,35620,"new york-newark-jersey city, ny-nj-pa"
7836,4.17275193,3.046108909,2.1,21.27758781,12568,66283.28872,35620,"new york-newark-jersey city, ny-nj-pa"
7840,4.07743704,3.400719548,3.8,23.80535493,29849,53449.72235,35620,"new york-newark-jersey city, ny-nj-pa"
7842,0,0,0,38.37209302,130,83049.75,35620,"new york-newark-jersey city, ny-nj-pa"
7843,4.980678403,2.361528553,3,18.46919127,12241,51402.88962,35620,"new york-newark-jersey city, ny-nj-pa"
7847,0,6.538461538,10.5,29.85468956,1670,36144.36975,35620,"new york-newark-jersey city, ny-nj-pa"
7848,1.05471325,0,1.8,27.92706334,5026,49348.54457,35620,"new york-newark-jersey city, ny-nj-pa"
7849,6.375227687,1.912568306,4.1,11.68704156,9054,53633.05029,35620,"new york-newark-jersey city, ny-nj-pa"
7850,5.87534736,3.294958317,5.2,23.37923121,6436,55984.73271,35620,"new york-newark-jersey city, ny-nj-pa"
7851,0,34.7826087,0,0,119,19981.88889,35620,"new york-newark-jersey city, ny-nj-pa"
7852,6.542056075,3.805073431,1.3,20.29147982,3609,68957.58985,35620,"new york-newark-jersey city, ny-nj-pa"
7853,3.590333717,0.87456847,0.7,17.6351008,13325,82931.2363,35620,"new york-newark-jersey city, ny-nj-pa"
7856,2.780867631,1.835372636,3.3,13.8721351,3944,67656.43633,35620,"new york-newark-jersey city, ny-nj-pa"
7857,7.03022339,2.956636005,17.3,23.96345748,3244,42514.8858,35620,"new york-newark-jersey city, ny-nj-pa"
7860,6.469537607,3.085929748,7,25.18645521,26288,53032.53534,35620,"new york-newark-jersey city, ny-nj-pa"
7865,5.243445693,4.244694132,3.1,15.97633136,2189,53118.7302,35620,"new york-newark-jersey city, ny-nj-pa"
7866,3.303415607,2.580403889,1.4,20.78310523,22098,63698.61585,35620,"new york-newark-jersey city, ny-nj-pa"
7869,4.664885326,3.952349143,2.9,21.05219553,25291,81677.22464,35620,"new york-newark-jersey city, ny-nj-pa"
7870,,,,,26,,35620,"new york-newark-jersey city, ny-nj-pa"
7871,3.904157858,0.634249471,1.9,19.79776477,21165,75791.28814,35620,"new york-newark-jersey city, ny-nj-pa"
7874,4.837179893,1.391084414,3.8,22.43824337,8905,50962.98991,35620,"new york-newark-jersey city, ny-nj-pa"
7876,0.665859564,1.392251816,0.7,21.26191925,10619,60752.77696,35620,"new york-newark-jersey city, ny-nj-pa"
7878,0,0,0,7.735849057,934,65605.0702,35620,"new york-newark-jersey city, ny-nj-pa"
7881,0,0,0,,16,,35620,"new york-newark-jersey city, ny-nj-pa"
7882,7.5,4.632352941,7.4,24.03888002,14492,49835.07581,35620,"new york-newark-jersey city, ny-nj-pa"
7885,3.164728158,1.622937517,3.9,32.03386493,10078,48300.54186,35620,"new york-newark-jersey city, ny-nj-pa"
7901,3.20116406,4.086334425,5.6,25.95507976,22806,120306.6195,35620,"new york-newark-jersey city, ny-nj-pa"
7920,4.839536553,1.609761099,3.2,20.35470668,26747,104120.1771,35620,"new york-newark-jersey city, ny-nj-pa"
7921,2.894804859,2.326182476,1.1,16.2400906,7621,92823.42789,35620,"new york-newark-jersey city, ny-nj-pa"
7922,2.597402597,0.416564568,1.5,21.80576071,12246,94060.23735,35620,"new york-newark-jersey city, ny-nj-pa"
7924,0.62992126,0,2.4,27.23346829,7534,99502.66639,35620,"new york-newark-jersey city, ny-nj-pa"
7926,0,0,0,100,120,31628.68966,35620,"new york-newark-jersey city, ny-nj-pa"
7927,2.06947524,0,3.3,24.11630559,3403,81196.36694,35620,"new york-newark-jersey city, ny-nj-pa"
7928,3.704805832,1.234935277,1.5,22.07166124,19144,125295.8383,35620,"new york-newark-jersey city, ny-nj-pa"
7930,3.879149571,0,4.1,15.55415617,8559,104576.019,35620,"new york-newark-jersey city, ny-nj-pa"
7931,2.564102564,1.196581197,1.7,31.48395722,3296,193979.1339,35620,"new york-newark-jersey city, ny-nj-pa"
7932,4.297069051,2.906110283,3.1,29.4412177,9868,98692.99951,35620,"new york-newark-jersey city, ny-nj-pa"
7933,3.462837838,4.560810811,2.8,32.17031342,3251,73542.48178,35620,"new york-newark-jersey city, ny-nj-pa"
7934,6.932409012,0,0.9,21.29221733,1501,138018.8635,35620,"new york-newark-jersey city, ny-nj-pa"
7935,0,0,0,7.798165138,313,138772.6471,35620,"new york-newark-jersey city, ny-nj-pa"
7936,2.268041237,1.18556701,5.7,31.66502463,11157,73273.1091,35620,"new york-newark-jersey city, ny-nj-pa"
7939,,,,38.46153846,228,,35620,"new york-newark-jersey city, ny-nj-pa"
7940,4.455714544,1.738815432,1.7,34.38774076,17278,76185.61566,35620,"new york-newark-jersey city, ny-nj-pa"
7945,2.255400254,0.254129606,0.9,22.05671727,9539,112457.4592,35620,"new york-newark-jersey city, ny-nj-pa"
7946,2.252693438,0,0,22.02034884,3144,92888.61634,35620,"new york-newark-jersey city, ny-nj-pa"
7950,2.830315225,2.173038229,1.4,23.67925573,19564,74817.7524,35620,"new york-newark-jersey city, ny-nj-pa"
7960,4.588338705,8.157046587,6.4,32.70241362,43747,85884.43287,35620,"new york-newark-jersey city, ny-nj-pa"
7961,,,,,4,,35620,"new york-newark-jersey city, ny-nj-pa"
7970,0,0,0,40,117,286854.2169,35620,"new york-newark-jersey city, ny-nj-pa"
7974,4.303376129,0.38040894,2.8,29.58135861,11768,89774.48038,35620,"new york-newark-jersey city, ny-nj-pa"
7976,0,0,12.8,12.39316239,754,96575.11312,35620,"new york-newark-jersey city, ny-nj-pa"
7977,0,3.271028037,0,22.81368821,669,57620.66812,35620,"new york-newark-jersey city, ny-nj-pa"
7979,11.2244898,0,0,6.22406639,589,94682.84848,35620,"new york-newark-jersey city, ny-nj-pa"
7980,2.04638472,0,3.1,18.6784141,2307,65445.7351,35620,"new york-newark-jersey city, ny-nj-pa"
7981,4.209884076,1.464307505,1.8,32.25881262,8865,68961.21978,35620,"new york-newark-jersey city, ny-nj-pa"
8005,4.103671706,2.534955098,6.4,25.88273758,22448,50189.76197,35620,"new york-newark-jersey city, ny-nj-pa"
8006,0,0,4.3,46.61016949,518,96557.01115,35620,"new york-newark-jersey city, ny-nj-pa"
8008,1.912489134,0,4.7,35.705471,6975,101415.692,35620,"new york-newark-jersey city, ny-nj-pa"
8050,4.284943335,0.356179169,2.9,33.2616018,24285,53320.43986,35620,"new york-newark-jersey city, ny-nj-pa"
8087,5.127144925,1.343808146,8.4,23.50026925,24104,45368.32014,35620,"new york-newark-jersey city, ny-nj-pa"
8092,4.264705882,0.220588235,5.6,23.16384181,3673,43236.20295,35620,"new york-newark-jersey city, ny-nj-pa"
8501,3.28358209,2.729211087,0.5,21.67431193,6582,71628.06992,35620,"new york-newark-jersey city, ny-nj-pa"
8502,3.679592414,3.707896971,1,10.6342893,11317,88048.77035,35620,"new york-newark-jersey city, ny-nj-pa"
8510,2.053140097,3.925120773,4.7,19.37445699,5231,66527.26531,35620,"new york-newark-jersey city, ny-nj-pa"
8512,4.881731253,7.825868143,5.5,22.38463145,10105,73350.60029,35620,"new york-newark-jersey city, ny-nj-pa"
8514,6.423173804,2.078085642,5.1,17.16833891,4477,60257.36225,35620,"new york-newark-jersey city, ny-nj-pa"
8525,0.427578835,0.587920898,0.6,19.93074259,4767,87286.68904,35620,"new york-newark-jersey city, ny-nj-pa"
8527,3.349818998,4.491918625,3.1,16.07459669,54392,56263.60016,35620,"new york-newark-jersey city, ny-nj-pa"
8528,8.333333333,0,0,25.68807339,315,57303.08571,35620,"new york-newark-jersey city, ny-nj-pa"
8530,2.570016474,2.3723229,1.8,23.08168317,8071,58865.50653,35620,"new york-newark-jersey city, ny-nj-pa"
8533,5.494018609,0.398759415,7.8,19.02017291,6945,42435.52359,35620,"new york-newark-jersey city, ny-nj-pa"
8535,0.779076238,3.505843072,0.9,11.87943262,5385,87280.69249,35620,"new york-newark-jersey city, ny-nj-pa"
8536,5.109945027,6.15942029,1.3,24.99268364,20073,61894.54675,35620,"new york-newark-jersey city, ny-nj-pa"
8540,3.406970445,4.436284837,3.2,27.98933548,47115,90914.51316,35620,"new york-newark-jersey city, ny-nj-pa"
8551,3.260869565,0.652173913,2,20.50970874,5532,76109.31677,35620,"new york-newark-jersey city, ny-nj-pa"
8553,0.823045267,1.234567901,0,31.51260504,682,72625.55294,35620,"new york-newark-jersey city, ny-nj-pa"
8555,1.454545455,2.181818182,4.7,17.79141104,877,41026.47555,35620,"new york-newark-jersey city, ny-nj-pa"
8558,4,0.689655172,1.9,26.01054482,6629,110299.524,35620,"new york-newark-jersey city, ny-nj-pa"
8559,7.051282051,0.295857988,0.1,20.65586129,4982,86777.71344,35620,"new york-newark-jersey city, ny-nj-pa"
8691,4.587620172,3.47444763,2,15.69230769,15104,79848.96123,35620,"new york-newark-jersey city, ny-nj-pa"
8701,7.156091736,7.991929839,26.4,42.53766783,92843,28663.91693,35620,"new york-newark-jersey city, ny-nj-pa"
8720,20.30075188,0,0,35.08353222,843,84148.83922,35620,"new york-newark-jersey city, ny-nj-pa"
8721,4.361811631,2.071538857,4.1,20.81218274,20512,49515.05112,35620,"new york-newark-jersey city, ny-nj-pa"
8722,4.79932641,0.870053326,4.1,25.73475386,11045,43085.43027,35620,"new york-newark-jersey city, ny-nj-pa"
8723,4.873976306,1.971853383,4.9,27.20095025,31641,49169.9156,35620,"new york-newark-jersey city, ny-nj-pa"
8724,5.823529412,2.323529412,4.1,25.27978245,42352,51422.95643,35620,"new york-newark-jersey city, ny-nj-pa"
8730,3.276047261,4.457572503,1.3,33.31587218,4774,84550.41109,35620,"new york-newark-jersey city, ny-nj-pa"
8731,5.714659344,0.183078331,4.7,22.00871411,20009,44896.03518,35620,"new york-newark-jersey city, ny-nj-pa"
8732,4.813664596,2.173913043,6,21.82103611,1484,61588.62944,35620,"new york-newark-jersey city, ny-nj-pa"
8733,7.777777778,4.333333333,6.1,34.07521105,2752,34363.98104,35620,"new york-newark-jersey city, ny-nj-pa"
8734,5.3125,0,3.5,26.69979079,7651,55437.3606,35620,"new york-newark-jersey city, ny-nj-pa"
8735,2.423167849,0,6.5,35.79049467,3114,90679.44417,35620,"new york-newark-jersey city, ny-nj-pa"
8736,1.097804391,0.618762475,2.2,31.5920398,12578,85452.71988,35620,"new york-newark-jersey city, ny-nj-pa"
8738,0,0,0,20.2247191,1042,164935.2134,35620,"new york-newark-jersey city, ny-nj-pa"
8740,10.60606061,3.787878788,10.5,10.29252438,2010,41404,35620,"new york-newark-jersey city, ny-nj-pa"
8741,4.962243797,0,1.6,21.77152318,2488,53815.59027,35620,"new york-newark-jersey city, ny-nj-pa"
8742,6.623269271,0.185988841,4.1,34.78641457,24405,57004.80626,35620,"new york-newark-jersey city, ny-nj-pa"
8750,2.820685024,0,1,38.99665552,3528,113087.1067,35620,"new york-newark-jersey city, ny-nj-pa"
8751,5.535553555,0.810081008,8.9,32.86666667,4212,34549.499,35620,"new york-newark-jersey city, ny-nj-pa"
8752,2.344454463,0,2.9,25.75107296,2074,60438.78328,35620,"new york-newark-jersey city, ny-nj-pa"
8753,6.511213048,1.979272851,4.7,29.38743352,63678,49644.64618,35620,"new york-newark-jersey city, ny-nj-pa"
8755,5.78162772,1.611603546,4,30.77144502,25302,60898.50197,35620,"new york-newark-jersey city, ny-nj-pa"
8757,2.073242764,3.585351447,6.2,25.26280845,33217,58835.30315,35620,"new york-newark-jersey city, ny-nj-pa"
8758,2.862656803,0,4.2,18.85734315,7043,57555.37142,35620,"new york-newark-jersey city, ny-nj-pa"
8759,0.317779779,2.902388645,4.2,21.23184777,33263,79893.48481,35620,"new york-newark-jersey city, ny-nj-pa"
8801,2.073306183,1.073676416,0.5,17.79402803,8551,61433.23548,35620,"new york-newark-jersey city, ny-nj-pa"
8802,4.987932422,1.126307321,3.9,12.15437788,4067,63591.71996,35620,"new york-newark-jersey city, ny-nj-pa"
8804,3.347280335,0.732217573,0.4,17.73109244,2771,64004.5571,35620,"new york-newark-jersey city, ny-nj-pa"
8805,4.659584742,6.204732014,5.8,27.38669238,12254,43007.499,35620,"new york-newark-jersey city, ny-nj-pa"
8807,4.594801223,2.729357798,2.8,24.42272038,37972,70497.82164,35620,"new york-newark-jersey city, ny-nj-pa"
8809,6.347702511,1.705352913,2.5,24.78191911,6421,50743.24505,35620,"new york-newark-jersey city, ny-nj-pa"
8810,4.894605216,8.503036799,0.4,15.01487755,8401,63157.10729,35620,"new york-newark-jersey city, ny-nj-pa"
8812,9.059375638,5.713119771,3.4,17.56017505,14296,60175.51169,35620,"new york-newark-jersey city, ny-nj-pa"
8816,4.532908054,3.809114887,3.8,17.96641791,46298,61111.91289,35620,"new york-newark-jersey city, ny-nj-pa"
8817,5.456212746,7.080631427,4.7,20.34755726,44621,46005.61525,35620,"new york-newark-jersey city, ny-nj-pa"
8820,2.724691074,4.244377926,3.2,15.69095546,39590,69551.5038,35620,"new york-newark-jersey city, ny-nj-pa"
8821,13.58024691,0,0,10.73825503,354,53957.91176,35620,"new york-newark-jersey city, ny-nj-pa"
8822,6.621947024,1.031991744,3.8,30.04912664,30354,69940.55907,35620,"new york-newark-jersey city, ny-nj-pa"
8823,9.435483871,24.19354839,2.1,7.682481752,9016,61238.53362,35620,"new york-newark-jersey city, ny-nj-pa"
8824,2.367014508,8.424535505,1.4,15.78947368,12115,65160.16883,35620,"new york-newark-jersey city, ny-nj-pa"
8825,5.955188679,0,3.3,18.32648871,4707,56029.88613,35620,"new york-newark-jersey city, ny-nj-pa"
8826,0.570613409,0.427960057,1.8,14.64882943,5838,64503.3884,35620,"new york-newark-jersey city, ny-nj-pa"
8827,6.279904306,0.179425837,7.2,15.4396728,4629,55639.25616,35620,"new york-newark-jersey city, ny-nj-pa"
8828,5.735930736,0.649350649,3.8,23.25203252,2178,51008.0708,35620,"new york-newark-jersey city, ny-nj-pa"
8829,5.358385525,0.626304802,0.8,16.09756098,3725,59430.25312,35620,"new york-newark-jersey city, ny-nj-pa"
8830,3.500079911,6.66453572,4.8,16.02505695,18459,47412.21811,35620,"new york-newark-jersey city, ny-nj-pa"
8831,2.943001965,4.096410469,3.6,18.64080085,45620,80923.55266,35620,"new york-newark-jersey city, ny-nj-pa"
8832,15.96806387,20.25948104,23.3,20.13958126,2863,26282.03113,35620,"new york-newark-jersey city, ny-nj-pa"
8833,3.672486454,0.812763396,0.9,15.82612872,8796,115079.4831,35620,"new york-newark-jersey city, ny-nj-pa"
8835,6.064549714,2.056220718,5.2,25.51904858,10344,40306.47487,35620,"new york-newark-jersey city, ny-nj-pa"
8836,0.294117647,2.573529412,0.9,20.92097783,3845,93867.7769,35620,"new york-newark-jersey city, ny-nj-pa"
8837,5.067567568,6.621621622,5.3,28.1168564,15847,50657.19401,35620,"new york-newark-jersey city, ny-nj-pa"
8840,5.543814014,5.706389205,2.6,22.39807546,16558,69123.31109,35620,"new york-newark-jersey city, ny-nj-pa"
8844,4.177624164,4.260275002,2.8,17.26466646,38367,65681.56261,35620,"new york-newark-jersey city, ny-nj-pa"
8846,4.448105437,5.045304778,0.5,25.82934732,13635,48494.7382,35620,"new york-newark-jersey city, ny-nj-pa"
8848,2.727561053,1.300348874,0.6,13.12637497,8435,66964.64917,35620,"new york-newark-jersey city, ny-nj-pa"
8850,2.914210871,1.113294041,4.2,25.74458484,8281,59909.1444,35620,"new york-newark-jersey city, ny-nj-pa"
8852,6.856591019,9.962980847,2.6,13.61573374,17220,60383.94806,35620,"new york-newark-jersey city, ny-nj-pa"
8853,0.590762621,2.363050483,1.2,13.36441336,5247,76528.82799,35620,"new york-newark-jersey city, ny-nj-pa"
8854,5.247507434,22.79750452,4.5,21.73162889,55961,43115.65633,35620,"new york-newark-jersey city, ny-nj-pa"
8857,3.329171868,4.667776391,2.6,20.26018451,39898,54791.63754,35620,"new york-newark-jersey city, ny-nj-pa"
8858,0,0,0,0,144,140206.6047,35620,"new york-newark-jersey city, ny-nj-pa"
8859,5.396702731,8.951571355,6,15.33956739,21526,49137.85888,35620,"new york-newark-jersey city, ny-nj-pa"
8861,14.27728265,10.91306144,20.1,30.38796939,53099,27247.48733,35620,"new york-newark-jersey city, ny-nj-pa"
8863,4.926553672,10.25988701,5.8,27.3501474,12320,43618.00503,35620,"new york-newark-jersey city, ny-nj-pa"
8867,3.734876381,0,0.8,21.82123374,5042,79569.20821,35620,"new york-newark-jersey city, ny-nj-pa"
8869,7.554225879,3.365744203,9.2,27.0670148,6881,51621.87452,35620,"new york-newark-jersey city, ny-nj-pa"
8872,8.673111952,16.08518986,5.4,18.53582555,18811,49247.48759,35620,"new york-newark-jersey city, ny-nj-pa"
8873,4.90616622,25.4155496,4.4,14.80172752,49921,56421.38039,35620,"new york-newark-jersey city, ny-nj-pa"
8876,4.491053442,6.837302998,2.8,29.77533159,22179,58919.73283,35620,"new york-newark-jersey city, ny-nj-pa"
8879,7.480100316,7.916257769,4.6,21.45335037,23537,46309.22147,35620,"new york-newark-jersey city, ny-nj-pa"
8880,4.556962025,10.3164557,6.6,19.29274843,4563,41198.14414,35620,"new york-newark-jersey city, ny-nj-pa"
8882,5.897723031,7.652108996,6.5,25.53072626,16008,37643.2858,35620,"new york-newark-jersey city, ny-nj-pa"
8884,1.839517919,1.522359657,2.5,23.93183502,8257,52035.85462,35620,"new york-newark-jersey city, ny-nj-pa"
8887,4.166666667,2.462121212,5.4,23.96396396,1106,54718.93054,35620,"new york-newark-jersey city, ny-nj-pa"
8889,4.777965149,0.730747611,4.5,16.80784663,10063,89719.48702,35620,"new york-newark-jersey city, ny-nj-pa"
8890,,,,,17,,35620,"new york-newark-jersey city, ny-nj-pa"
8901,13.7564249,21.36636208,22.5,29.99572832,55223,17613.07774,35620,"new york-newark-jersey city, ny-nj-pa"
8902,5.523512248,18.61301486,4,16.53391262,41153,49086.75052,35620,"new york-newark-jersey city, ny-nj-pa"
8904,3.523225241,6.345311131,7.2,32.87172012,13982,55864.38826,35620,"new york-newark-jersey city, ny-nj-pa"
10001,1.977503628,7.991654572,10.3,21.85530628,21102,102745.2451,35620,"new york-newark-jersey city, ny-nj-pa"
10002,6.705269966,6.468106077,29.2,12.63787455,81410,34605.35605,35620,"new york-newark-jersey city, ny-nj-pa"
10003,1.879658244,2.508634794,6.6,15.68942264,56024,85236.40432,35620,"new york-newark-jersey city, ny-nj-pa"
10004,0.909090909,3.146853147,3.3,23.49066959,3089,111999.6429,35620,"new york-newark-jersey city, ny-nj-pa"
10005,1.154362416,2.523489933,1.7,18.29937304,7135,99380.48288,35620,"new york-newark-jersey city, ny-nj-pa"
10006,1.689612015,4.005006258,0,25.95300261,3011,84190.61311,35620,"new york-newark-jersey city, ny-nj-pa"
10007,2.736030829,2.119460501,2.4,16.68635558,6988,176482.8675,35620,"new york-newark-jersey city, ny-nj-pa"
10009,5.032978184,6.920345003,16.6,10.79225298,61347,53219.73854,35620,"new york-newark-jersey city, ny-nj-pa"
10010,2.218195451,4.267683079,6.4,14.00311042,31834,90642.47773,35620,"new york-newark-jersey city, ny-nj-pa"
10011,2.590216247,2.878772448,4.4,21.35326515,50984,138207.2609,35620,"new york-newark-jersey city, ny-nj-pa"
10012,0.746496039,2.765082267,8.7,25.61307902,24090,92281.02304,35620,"new york-newark-jersey city, ny-nj-pa"
10013,1.991310644,2.769732078,10.9,17.3155237,27700,110712.8143,35620,"new york-newark-jersey city, ny-nj-pa"
10014,1.4687483,1.659141598,2.2,16.73185106,31959,121785.4136,35620,"new york-newark-jersey city, ny-nj-pa"
10016,1.401835652,2.197762799,5,18.6334029,54183,96955.34488,35620,"new york-newark-jersey city, ny-nj-pa"
10017,0.716592652,1.786435204,5.8,23.49736699,16575,118247.616,35620,"new york-newark-jersey city, ny-nj-pa"
10018,2.629346904,5.371783998,8.9,15.04946327,5229,108010.1434,35620,"new york-newark-jersey city, ny-nj-pa"
10019,1.481639624,6.1058924,9.1,21.96682774,42870,93142.98615,35620,"new york-newark-jersey city, ny-nj-pa"
10020,,,,,0,,35620,"new york-newark-jersey city, ny-nj-pa"
10021,2.649406688,1.691477886,3,16.54686466,43631,162394.4056,35620,"new york-newark-jersey city, ny-nj-pa"
10022,0.527001757,2.062673542,2.2,17.90023411,31924,172297.9994,35620,"new york-newark-jersey city, ny-nj-pa"
10023,1.921141707,3.223248864,4.8,10.44970107,60998,138657.408,35620,"new york-newark-jersey city, ny-nj-pa"
10024,3.390296737,6.519272427,3.1,8.26294166,59283,137463.733,35620,"new york-newark-jersey city, ny-nj-pa"
10025,3.175882637,14.05771401,10.5,10.95838362,94600,76562.02859,35620,"new york-newark-jersey city, ny-nj-pa"
10026,10.66741134,58.9220888,23,6.046027825,34003,39949.93081,35620,"new york-newark-jersey city, ny-nj-pa"
10027,11.43819438,46.18143644,25.6,16.9359238,59707,34158.66078,35620,"new york-newark-jersey city, ny-nj-pa"
10028,1.621822384,1.720864972,3.3,11.32850635,45141,146665.8953,35620,"new york-newark-jersey city, ny-nj-pa"
10029,14.46168836,30.75718561,25,12.88114293,76003,33438.48936,35620,"new york-newark-jersey city, ny-nj-pa"
10030,15.3580673,70.99223469,25,7.217351177,26999,32141.42025,35620,"new york-newark-jersey city, ny-nj-pa"
10031,11.0624579,39.64969685,24.4,5.134049293,56438,28926.18194,35620,"new york-newark-jersey city, ny-nj-pa"
10032,11.93472478,27.59873133,25.6,15.04602011,57331,23305.43361,35620,"new york-newark-jersey city, ny-nj-pa"
10033,9.686298951,9.333125584,22.3,10.59920746,53926,30534.30484,35620,"new york-newark-jersey city, ny-nj-pa"
10034,9.694661589,10.28930313,25.4,9.92633015,38908,30400.1609,35620,"new york-newark-jersey city, ny-nj-pa"
10035,15.58389153,41.30417238,35.2,9.390627894,33969,23897.40697,35620,"new york-newark-jersey city, ny-nj-pa"
10036,1.635148585,8.502772643,5.6,19.63495963,24711,71989.6051,35620,"new york-newark-jersey city, ny-nj-pa"
10037,11.12950917,79.3258427,22.5,11.64845037,17416,35657.29517,35620,"new york-newark-jersey city, ny-nj-pa"
10038,3.316016359,6.200950591,16,24.53923618,20300,70664.23243,35620,"new york-newark-jersey city, ny-nj-pa"
10039,17.40627391,70.0841622,25.1,6.701309949,24527,28853.37624,35620,"new york-newark-jersey city, ny-nj-pa"
10040,11.66238768,9.993581515,21,7.098860487,41905,31911.5879,35620,"new york-newark-jersey city, ny-nj-pa"
10044,6.373091392,11.46271299,3.5,4.417378658,11661,58629.5607,35620,"new york-newark-jersey city, ny-nj-pa"
10065,0.531706498,2.233167292,0.4,24.72952087,32270,171310.0414,35620,"new york-newark-jersey city, ny-nj-pa"
10069,4.204625088,3.959355291,0,3.726506805,5199,160018.2437,35620,"new york-newark-jersey city, ny-nj-pa"
10075,1.383327266,0.902803058,3.3,10.72324892,26121,144095.1859,35620,"new york-newark-jersey city, ny-nj-pa"
10103,,,,,3,,35620,"new york-newark-jersey city, ny-nj-pa"
10110,,,,100,0,,35620,"new york-newark-jersey city, ny-nj-pa"
10111,,,,,0,,35620,"new york-newark-jersey city, ny-nj-pa"
10112,,,,,0,,35620,"new york-newark-jersey city, ny-nj-pa"
10115,,,,,0,,35620,"new york-newark-jersey city, ny-nj-pa"
10119,,,,,92,,35620,"new york-newark-jersey city, ny-nj-pa"
10128,3.46147711,4.587653533,5.7,6.472057446,60453,118379.2118,35620,"new york-newark-jersey city, ny-nj-pa"
10152,,,,,0,,35620,"new york-newark-jersey city, ny-nj-pa"
10153,,,,,0,,35620,"new york-newark-jersey city, ny-nj-pa"
10154,,,,,0,,35620,"new york-newark-jersey city, ny-nj-pa"
10162,5.857142857,0,0,15.52975327,1685,140041.2176,35620,"new york-newark-jersey city, ny-nj-pa"
10165,,,,,2,,35620,"new york-newark-jersey city, ny-nj-pa"
10167,,,,,0,,35620,"new york-newark-jersey city, ny-nj-pa"
10168,,,,,0,,35620,"new york-newark-jersey city, ny-nj-pa"
10169,,,,,0,,35620,"new york-newark-jersey city, ny-nj-pa"
10170,,,,,2,,35620,"new york-newark-jersey city, ny-nj-pa"
10171,,,,,0,,35620,"new york-newark-jersey city, ny-nj-pa"
10172,,,,,0,,35620,"new york-newark-jersey city, ny-nj-pa"
10173,,,,,2,,35620,"new york-newark-jersey city, ny-nj-pa"
10174,,,,,0,,35620,"new york-newark-jersey city, ny-nj-pa"
10177,,,,,0,,35620,"new york-newark-jersey city, ny-nj-pa"
10199,,,,,9,,35620,"new york-newark-jersey city, ny-nj-pa"
10271,,,,,0,,35620,"new york-newark-jersey city, ny-nj-pa"
10278,,,,,0,,35620,"new york-newark-jersey city, ny-nj-pa"
10279,,,,,0,,35620,"new york-newark-jersey city, ny-nj-pa"
10280,3.53221957,1.575178998,3.6,22.33121754,7853,113826.6326,35620,"new york-newark-jersey city, ny-nj-pa"
10282,4.73970474,1.825951826,1.3,17.15996009,4783,219329.4924,35620,"new york-newark-jersey city, ny-nj-pa"
10301,10.19785831,23.40968726,17.2,14.95542872,39706,38340.44565,35620,"new york-newark-jersey city, ny-nj-pa"
10302,9.507849709,19.98588816,19.6,19.17890321,19088,30545.35249,35620,"new york-newark-jersey city, ny-nj-pa"
10303,18.5382142,38.57284195,19.5,12.08535812,26337,29397.87572,35620,"new york-newark-jersey city, ny-nj-pa"
10304,13.18295401,28.37171608,16.8,11.77211566,42193,40583.63849,35620,"new york-newark-jersey city, ny-nj-pa"
10305,5.609739692,4.177036389,7.8,13.15396114,41749,43112.96452,35620,"new york-newark-jersey city, ny-nj-pa"
10306,4.70622625,3.278768391,5.9,14.02469758,55909,51136.60569,35620,"new york-newark-jersey city, ny-nj-pa"
10307,3.873239437,0.062137531,3.3,9.303044352,14096,54149.42056,35620,"new york-newark-jersey city, ny-nj-pa"
10308,3.77159309,0,4,13.54473386,27357,59262.48106,35620,"new york-newark-jersey city, ny-nj-pa"
10309,5.485310524,1.53402752,6.4,12.75962288,32519,50095.68701,35620,"new york-newark-jersey city, ny-nj-pa"
10310,11.24674093,24.94666983,18.4,18.08341609,24962,41214.04703,35620,"new york-newark-jersey city, ny-nj-pa"
10311,,,,,0,,35620,"new york-newark-jersey city, ny-nj-pa"
10312,4.255519465,0.861460246,5.4,11.91366799,59304,52702.445,35620,"new york-newark-jersey city, ny-nj-pa"
10314,5.128288195,4.626150058,6.5,14.86899854,85510,48727.33524,35620,"new york-newark-jersey city, ny-nj-pa"
10451,19.51052542,45.41616749,34.3,8.580556823,45713,21202.98561,35620,"new york-newark-jersey city, ny-nj-pa"
10452,22.97072993,36.18881827,36.2,10.44170616,75371,17292.95256,35620,"new york-newark-jersey city, ny-nj-pa"
10453,24.03605994,36.56728067,38.2,9.457324466,78309,16764.41399,35620,"new york-newark-jersey city, ny-nj-pa"
10454,24.82553942,32.3895083,44.6,10.21835551,37337,16071.36181,35620,"new york-newark-jersey city, ny-nj-pa"
10455,23.98699728,32.96794678,36.9,10.28359842,39665,16170.72138,35620,"new york-newark-jersey city, ny-nj-pa"
10456,24.44883417,45.14092208,38.4,9.651648193,86547,17034.59432,35620,"new york-newark-jersey city, ny-nj-pa"
10457,24.13380594,39.10500665,37.9,11.02330202,70496,17508.93838,35620,"new york-newark-jersey city, ny-nj-pa"
10458,20.07975048,25.99392001,35.7,12.12005206,79492,17932.32551,35620,"new york-newark-jersey city, ny-nj-pa"
10459,27.81456954,30.46357616,37.8,9.57417955,47308,17435.97565,35620,"new york-newark-jersey city, ny-nj-pa"
10460,25.85215391,29.1980343,38.9,8.375372932,57311,17345.55422,35620,"new york-newark-jersey city, ny-nj-pa"
10461,9.187790998,6.963269529,12.7,15.68375676,50502,37711.76767,35620,"new york-newark-jersey city, ny-nj-pa"
10462,13.83700014,30.33416355,17.9,9.361689181,75784,30047.9923,35620,"new york-newark-jersey city, ny-nj-pa"
10463,11.89244709,14.87839771,13.8,10.83526051,67970,46383.51574,35620,"new york-newark-jersey city, ny-nj-pa"
10464,5.868089234,1.794374394,0,17.31141199,4534,55262.43425,35620,"new york-newark-jersey city, ny-nj-pa"
10465,9.716157205,9.131774981,11.4,15.21554018,42230,44452.39136,35620,"new york-newark-jersey city, ny-nj-pa"
10466,18.15003319,75.42819208,18.5,8.227782212,67813,27600.773,35620,"new york-newark-jersey city, ny-nj-pa"
10467,19.09989654,39.5706403,25.5,10.89687409,97060,25033.34275,35620,"new york-newark-jersey city, ny-nj-pa"
10468,19.07516892,26.24155405,29.7,8.470035598,76103,19506.12875,35620,"new york-newark-jersey city, ny-nj-pa"
10469,14.02528399,55.78050568,12.2,10.73034911,66631,34340.98059,35620,"new york-newark-jersey city, ny-nj-pa"
10470,9.550077573,29.46043786,10,11.75422974,15293,38654.96517,35620,"new york-newark-jersey city, ny-nj-pa"
10471,5.211581292,8.151447661,5.4,13.70958904,22922,64025.68503,35620,"new york-newark-jersey city, ny-nj-pa"
10472,21.01780444,32.41930877,32.2,11.01536932,66358,20204.26217,35620,"new york-newark-jersey city, ny-nj-pa"
10473,20.16703513,41.6015721,23.7,9.407681846,58519,27132.70262,35620,"new york-newark-jersey city, ny-nj-pa"
10474,27.59846827,31.92013129,36.6,17.20459519,12281,14203.57721,35620,"new york-newark-jersey city, ny-nj-pa"
10475,10.20453535,62.64450867,9.5,7.847840987,40931,40296.08679,35620,"new york-newark-jersey city, ny-nj-pa"
10501,2.272727273,2.525252525,0,15.47420965,1219,95047.77487,35620,"new york-newark-jersey city, ny-nj-pa"
10502,2.965403624,3.185063152,1.4,21.15138593,5487,91722.6454,35620,"new york-newark-jersey city, ny-nj-pa"
10503,0,0,22.6,34.21052632,108,197768.3333,35620,"new york-newark-jersey city, ny-nj-pa"
10504,4.473902237,0.828500414,2.5,17.105738,7987,157747.7826,35620,"new york-newark-jersey city, ny-nj-pa"
10505,0,0,0,15.82491582,851,68002.70751,35620,"new york-newark-jersey city, ny-nj-pa"
10506,5.136106831,0.462249615,1.4,20.68493151,5790,140962.1406,35620,"new york-newark-jersey city, ny-nj-pa"
10507,6.297613002,4.723209751,5.3,33.76740009,6408,66183.47405,35620,"new york-newark-jersey city, ny-nj-pa"
10509,6.565148686,3.261025715,4.1,18.25825826,19507,61591.60672,35620,"new york-newark-jersey city, ny-nj-pa"
10510,4.418134565,0.866300895,3.1,23.08082088,9988,117357.1031,35620,"new york-newark-jersey city, ny-nj-pa"
10511,3.798882682,4.916201117,4.4,30.44232437,2246,76234.58749,35620,"new york-newark-jersey city, ny-nj-pa"
10512,4.31711146,1.816550796,3.4,18.88567294,25590,54769.68942,35620,"new york-newark-jersey city, ny-nj-pa"
10514,2.393489708,1.890856869,1.8,17.7589852,11946,160112.2966,35620,"new york-newark-jersey city, ny-nj-pa"
10516,5.181109583,0.229252636,5.4,21.95448461,5289,65501.22143,35620,"new york-newark-jersey city, ny-nj-pa"
10517,8.888888889,0,0,27.66570605,539,51846.34146,35620,"new york-newark-jersey city, ny-nj-pa"
10518,2.777777778,0,4.6,22.75132275,1268,118871.8351,35620,"new york-newark-jersey city, ny-nj-pa"
10519,0,0,0,1.052631579,316,40369.61905,35620,"new york-newark-jersey city, ny-nj-pa"
10520,3.247763516,5.056398289,1.1,19.40127597,12810,88303.15081,35620,"new york-newark-jersey city, ny-nj-pa"
10522,3.319057816,3.078158458,0.3,25.04555578,10875,70904.01657,35620,"new york-newark-jersey city, ny-nj-pa"
10523,4.689922481,26.62790698,6.3,33.31015299,7444,47126.29802,35620,"new york-newark-jersey city, ny-nj-pa"
10524,4.95049505,0,2.6,18.88310459,4421,76920.30371,35620,"new york-newark-jersey city, ny-nj-pa"
10526,3.720930233,0,2.3,12.54019293,1809,90675.54967,35620,"new york-newark-jersey city, ny-nj-pa"
10527,4.360465116,0,0.6,23.61623616,908,116610.1596,35620,"new york-newark-jersey city, ny-nj-pa"
10528,5.908386811,0.442575791,5.3,26.61458333,12280,89821.40774,35620,"new york-newark-jersey city, ny-nj-pa"
10530,2.727758959,6.204314495,1.4,20.21182701,12604,87104.55269,35620,"new york-newark-jersey city, ny-nj-pa"
10532,2.82902829,0.553505535,0.7,24.31561997,4931,65440.33137,35620,"new york-newark-jersey city, ny-nj-pa"
10533,8.040027605,1.863354037,0.6,15.41863208,7322,130985.8925,35620,"new york-newark-jersey city, ny-nj-pa"
10535,12.58741259,13.28671329,0,10.58201058,555,72417.24808,35620,"new york-newark-jersey city, ny-nj-pa"
10536,2.177068215,1.393323657,2.4,20.63414634,10739,106700.5685,35620,"new york-newark-jersey city, ny-nj-pa"
10537,8.991494532,2.430133657,6.6,20.87781732,2416,41410.99661,35620,"new york-newark-jersey city, ny-nj-pa"
10538,1.90101606,0.62274664,3,16.91766362,16597,155940.3369,35620,"new york-newark-jersey city, ny-nj-pa"
10541,5.147477508,0.535246555,2,19.51365507,26339,59119.29182,35620,"new york-newark-jersey city, ny-nj-pa"
10543,5.161034847,4.31626188,5.3,25.03579689,20135,80423.04303,35620,"new york-newark-jersey city, ny-nj-pa"
10545,,,,34.7826087,141,,35620,"new york-newark-jersey city, ny-nj-pa"
10546,13.16455696,0,0,10.0660066,1277,89350.11792,35620,"new york-newark-jersey city, ny-nj-pa"
10547,13.30409357,6.980994152,5.8,25.90470446,7647,49946.77576,35620,"new york-newark-jersey city, ny-nj-pa"
10548,3.89380531,3.274336283,3.4,19.66887417,3487,63798.24138,35620,"new york-newark-jersey city, ny-nj-pa"
10549,7.398316971,4.190042076,6.6,24.34486373,16638,74956.5762,35620,"new york-newark-jersey city, ny-nj-pa"
10550,18.14417745,72.70240296,16.6,19.7075946,37144,29631.99131,35620,"new york-newark-jersey city, ny-nj-pa"
10552,7.796152548,34.64956688,6.4,13.67390639,19786,59703.95647,35620,"new york-newark-jersey city, ny-nj-pa"
10553,15.13344691,85.0653038,10.9,15.79982517,10170,35433.51587,35620,"new york-newark-jersey city, ny-nj-pa"
10560,1.685731487,0.541842264,1.7,17.52730884,4737,109362.971,35620,"new york-newark-jersey city, ny-nj-pa"
10562,7.432232627,7.796944308,11.8,23.88397312,31796,49220.95538,35620,"new york-newark-jersey city, ny-nj-pa"
10566,8.56249326,23.62773644,10.6,26.15933413,23570,42369.07656,35620,"new york-newark-jersey city, ny-nj-pa"
10567,3.342956997,6.078103632,2.4,17.65550768,19929,67753.22236,35620,"new york-newark-jersey city, ny-nj-pa"
10570,3.591817317,0.880114177,0.9,26.61603674,12680,87526.03158,35620,"new york-newark-jersey city, ny-nj-pa"
10573,8.227317742,7.412203855,9.7,30.72544758,38352,53840.22309,35620,"new york-newark-jersey city, ny-nj-pa"
10576,7.389937107,1.100628931,0.5,10.2189781,5116,136039.9799,35620,"new york-newark-jersey city, ny-nj-pa"
10577,0,1.983663944,1.2,47.70833333,6552,59232.027,35620,"new york-newark-jersey city, ny-nj-pa"
10578,2.926829268,0,0,20.71713147,681,53697.49455,35620,"new york-newark-jersey city, ny-nj-pa"
10579,5.242966752,0.287723785,4.1,13.72363119,8675,64643.20109,35620,"new york-newark-jersey city, ny-nj-pa"
10580,4.477113264,0.634814567,1.8,23.92821535,17208,164473.931,35620,"new york-newark-jersey city, ny-nj-pa"
10583,3.335771763,1.645940015,2.2,15.43794924,38982,148510.3884,35620,"new york-newark-jersey city, ny-nj-pa"
10588,5.91456736,0,0,15.66920566,2282,59757.93616,35620,"new york-newark-jersey city, ny-nj-pa"
10589,5.03992016,0.848303393,1.8,12.85846438,8475,135522.7857,35620,"new york-newark-jersey city, ny-nj-pa"
10590,4.560669456,2.175732218,1,12.75380711,6767,93483.95884,35620,"new york-newark-jersey city, ny-nj-pa"
10591,5.216684094,5.495526897,6.2,27.02778557,22540,68466.17901,35620,"new york-newark-jersey city, ny-nj-pa"
10594,4.023746702,0,3,25.74626866,5117,60755.7739,35620,"new york-newark-jersey city, ny-nj-pa"
10595,2.12305026,1.429809359,2,23.28678142,8195,53585.47749,35620,"new york-newark-jersey city, ny-nj-pa"
10596,5.300353357,3.180212014,5.6,24.56140351,1729,25925.93127,35620,"new york-newark-jersey city, ny-nj-pa"
10597,2.234636872,0,0,29.1015625,968,182623.0288,35620,"new york-newark-jersey city, ny-nj-pa"
10598,3.803240516,2.978558261,1,21.66359164,28647,72893.13057,35620,"new york-newark-jersey city, ny-nj-pa"
10601,6.311413454,18.44293273,11,30.36848793,11376,62690.44597,35620,"new york-newark-jersey city, ny-nj-pa"
10603,7.993351466,24.02538531,5.7,31.71305772,17045,64300.10103,35620,"new york-newark-jersey city, ny-nj-pa"
10604,4.567491707,4.797142128,7.8,33.83168151,11250,76308.64032,35620,"new york-newark-jersey city, ny-nj-pa"
10605,5.898711944,6.806206089,3.2,34.11188333,18126,88235.36842,35620,"new york-newark-jersey city, ny-nj-pa"
10606,5.348631951,19.02912621,8.4,22.74651394,16499,49929.9098,35620,"new york-newark-jersey city, ny-nj-pa"
10607,3.479036574,33.18465656,2.2,22.94661191,6824,81327.64537,35620,"new york-newark-jersey city, ny-nj-pa"
10701,15.50462073,31.59026443,20.3,16.98113208,63393,32708.27848,35620,"new york-newark-jersey city, ny-nj-pa"
10703,10.55065761,17.96502385,11.2,19.20218038,20301,37701.36129,35620,"new york-newark-jersey city, ny-nj-pa"
10704,6.348300872,9.282047103,7.7,18.27825083,30165,48399.13246,35620,"new york-newark-jersey city, ny-nj-pa"
10705,15.69898959,17.99879355,16.7,17.33446314,38777,32609.81848,35620,"new york-newark-jersey city, ny-nj-pa"
10706,3.552833078,0.643185299,1.6,19.23177424,8679,101288.8822,35620,"new york-newark-jersey city, ny-nj-pa"
10707,7.910750507,8.747464503,3.6,18.56020386,10097,78452.66739,35620,"new york-newark-jersey city, ny-nj-pa"
10708,3.930461073,4.502753482,4.8,17.18442784,21225,104694.3935,35620,"new york-newark-jersey city, ny-nj-pa"
10709,2.187938289,1.654978962,2.1,25.40217955,9292,81130.85364,35620,"new york-newark-jersey city, ny-nj-pa"
10710,5.412042039,15.66643748,3.9,15.44984655,25120,60045.21625,35620,"new york-newark-jersey city, ny-nj-pa"
10801,9.231973806,25.14769735,13.3,30.91253905,40827,39264.17102,35620,"new york-newark-jersey city, ny-nj-pa"
10803,8.029925187,6.882793017,1,16.5621079,12435,116202.6595,35620,"new york-newark-jersey city, ny-nj-pa"
10804,3.372293543,5.556620042,2,15.75266253,14146,135165.8724,35620,"new york-newark-jersey city, ny-nj-pa"
10805,6.139667705,18.23727934,8.4,24.75199613,18414,46543.1301,35620,"new york-newark-jersey city, ny-nj-pa"
10901,4.918032787,4.803393328,2,25.54751476,23465,70857.446,35620,"new york-newark-jersey city, ny-nj-pa"
10913,4.60199005,0,0,30.97222222,5532,65498.2529,35620,"new york-newark-jersey city, ny-nj-pa"
10920,3.485254692,3.418230563,3,24.27902391,8554,63986.51963,35620,"new york-newark-jersey city, ny-nj-pa"
10923,5.485074627,10.74626866,8.1,22.2703442,8732,44231.60173,35620,"new york-newark-jersey city, ny-nj-pa"
10927,11.64835165,21.01648352,11.5,18.32479237,11910,36958.67232,35620,"new york-newark-jersey city, ny-nj-pa"
10931,13.01587302,18.41269841,9.1,16.1637931,1023,40339.14365,35620,"new york-newark-jersey city, ny-nj-pa"
10952,2.646645782,5.455331101,30.1,39.72042278,38917,35515.65627,35620,"new york-newark-jersey city, ny-nj-pa"
10954,3.354152209,8.732361786,4.5,27.23580825,23045,62389.97715,35620,"new york-newark-jersey city, ny-nj-pa"
10956,1.830366073,4.100820164,2.6,24.01215805,31521,70206.13584,35620,"new york-newark-jersey city, ny-nj-pa"
10960,5.903767015,17.39474517,5,31.43013999,15093,64208.45683,35620,"new york-newark-jersey city, ny-nj-pa"
10962,3.178206583,2.667423383,6,21.57676349,5950,52722.15045,35620,"new york-newark-jersey city, ny-nj-pa"
10964,0,2.777777778,0,33.28050713,1472,87853.06418,35620,"new york-newark-jersey city, ny-nj-pa"
10965,3.578789582,1.536443695,4.3,28.71945561,14791,65341.81554,35620,"new york-newark-jersey city, ny-nj-pa"
10968,4.916666667,0.5,1.7,28.58399296,2353,95475.78558,35620,"new york-newark-jersey city, ny-nj-pa"
10970,4.675846242,14.17096959,4.3,17.79566287,9993,50693.49832,35620,"new york-newark-jersey city, ny-nj-pa"
10974,4.189944134,4.934823091,3.3,15.96365996,3152,57428.86619,35620,"new york-newark-jersey city, ny-nj-pa"
10976,5.970149254,0.497512438,15,26.90288714,2258,34296.32944,35620,"new york-newark-jersey city, ny-nj-pa"
10977,8.780586724,36.06867649,19.6,29.09652192,59048,31977.90634,35620,"new york-newark-jersey city, ny-nj-pa"
10980,4.012553239,6.568034073,3.9,20.23158572,13383,58936.29966,35620,"new york-newark-jersey city, ny-nj-pa"
10983,2.392095684,4.316172647,0.6,28.92561983,5532,79029.8479,35620,"new york-newark-jersey city, ny-nj-pa"
10984,4.471544715,5.284552846,0,13.77858002,2842,66038.4752,35620,"new york-newark-jersey city, ny-nj-pa"
10986,1.349325337,1.499250375,0,21.25398512,1974,76268.11997,35620,"new york-newark-jersey city, ny-nj-pa"
10989,5.943956977,3.424851401,2.5,25.87246876,9293,65530.62888,35620,"new york-newark-jersey city, ny-nj-pa"
10993,12.60107817,11.11859838,8.3,24.87987186,4769,39574.9686,35620,"new york-newark-jersey city, ny-nj-pa"
10994,5.766651766,7.331247206,0.9,27.4691358,7085,74234.98708,35620,"new york-newark-jersey city, ny-nj-pa"
11001,4.476454294,5.662049861,2,15.02907635,26883,59882.58352,35620,"new york-newark-jersey city, ny-nj-pa"
11003,8.949449071,41.73605854,5.5,11.74225002,41356,40172.59517,35620,"new york-newark-jersey city, ny-nj-pa"
11004,3.11405216,3.814713896,5.5,11.84760725,14016,52432.56105,35620,"new york-newark-jersey city, ny-nj-pa"
11005,0,0.510855683,2.2,33.83084577,1806,521363.9205,35620,"new york-newark-jersey city, ny-nj-pa"
11010,3.425414365,1.485573972,3.3,20.34883721,23821,52900.13021,35620,"new york-newark-jersey city, ny-nj-pa"
11020,5.611729019,10.92012133,7.5,26.94244604,5914,99566.58653,35620,"new york-newark-jersey city, ny-nj-pa"
11021,3.80646026,2.707411875,2.4,19.69437492,17729,96359.86222,35620,"new york-newark-jersey city, ny-nj-pa"
11023,3.293509848,0.936390055,5.7,24.4083262,9027,86741.75955,35620,"new york-newark-jersey city, ny-nj-pa"
11024,1.780151313,0.801068091,3.6,21.88286022,8002,65968.44553,35620,"new york-newark-jersey city, ny-nj-pa"
11030,3.79790342,2.045024918,2.9,15.28562461,17962,148361.3953,35620,"new york-newark-jersey city, ny-nj-pa"
11040,3.868867353,0.514839491,2.3,19.32845925,40782,59573.71946,35620,"new york-newark-jersey city, ny-nj-pa"
11042,,,,,520,,35620,"new york-newark-jersey city, ny-nj-pa"
11050,3.376787978,2.317581025,2.6,22.24770642,30171,95005.00678,35620,"new york-newark-jersey city, ny-nj-pa"
11096,11.8972332,29.72332016,18.8,29.87938596,8344,28822.73329,35620,"new york-newark-jersey city, ny-nj-pa"
11101,10.248307,17.30925508,17.4,7.606226336,25484,38672.61861,35620,"new york-newark-jersey city, ny-nj-pa"
11102,4.072659122,8.109277013,12.6,8.921407989,34133,36086.16488,35620,"new york-newark-jersey city, ny-nj-pa"
11103,3.304059449,2.726770251,10.9,5.761649171,38780,37216.28334,35620,"new york-newark-jersey city, ny-nj-pa"
11104,2.677795166,1.391062424,10.4,6.034664234,27232,39201.98274,35620,"new york-newark-jersey city, ny-nj-pa"
11105,4.304151567,1.748362897,10.4,8.923027513,36688,42746.76424,35620,"new york-newark-jersey city, ny-nj-pa"
11106,4.825191571,8.626676245,19.6,7.111520338,38875,37663.55106,35620,"new york-newark-jersey city, ny-nj-pa"
11109,0.55,2.8,2.5,3.772835584,3523,99865.1045,35620,"new york-newark-jersey city, ny-nj-pa"
11201,3.661486736,10.72204682,8.2,10.07188967,51128,94763.0267,35620,"new york-newark-jersey city, ny-nj-pa"
11203,13.4184829,91.85757249,12.3,5.438905648,76174,32305.52216,35620,"new york-newark-jersey city, ny-nj-pa"
11204,4.385234527,0.828674517,16.9,13.1430655,78134,31466.30488,35620,"new york-newark-jersey city, ny-nj-pa"
11205,10.91020742,38.257369,30.8,13.20276782,40366,38329.15817,35620,"new york-newark-jersey city, ny-nj-pa"
11206,13.42092251,28.47707848,33.6,9.694393142,81677,22256.16403,35620,"new york-newark-jersey city, ny-nj-pa"
11207,22.48453642,67.74183102,30.7,6.551597278,93386,22154.09902,35620,"new york-newark-jersey city, ny-nj-pa"
11208,20.41071615,55.42930609,31.1,2.928870293,94469,20279.60852,35620,"new york-newark-jersey city, ny-nj-pa"
11209,3.180360786,2.393367231,11.4,13.14366109,68853,52770.15366,35620,"new york-newark-jersey city, ny-nj-pa"
11210,8.889405204,60.46933086,11.5,6.217998306,62008,38271.91616,35620,"new york-newark-jersey city, ny-nj-pa"
11211,4.444506995,5.125679061,31.4,14.07110913,90117,39941.55421,35620,"new york-newark-jersey city, ny-nj-pa"
11212,24.41740975,87.57914277,31.7,7.422974053,84500,21272.80401,35620,"new york-newark-jersey city, ny-nj-pa"
11213,13.74191902,75.46359306,27.4,9.721266345,63767,25521.60985,35620,"new york-newark-jersey city, ny-nj-pa"
11214,3.958573072,0.953476903,14.1,7.372935487,88630,30310.09797,35620,"new york-newark-jersey city, ny-nj-pa"
11215,4.378599681,4.406356256,6.6,7.185677472,63488,79227.26458,35620,"new york-newark-jersey city, ny-nj-pa"
11216,10.91888577,73.45830413,19.9,5.846725349,54316,34678.7978,35620,"new york-newark-jersey city, ny-nj-pa"
11217,5.333014468,19.77759177,11.9,7.996264806,35881,71119.85522,35620,"new york-newark-jersey city, ny-nj-pa"
11218,5.947163135,10.44674092,19.4,9.496709376,75220,34122.2302,35620,"new york-newark-jersey city, ny-nj-pa"
11219,4.126423391,1.488218272,31.2,18.85096007,92221,24698.69972,35620,"new york-newark-jersey city, ny-nj-pa"
11220,9.456760535,3.255442381,28.6,12.20123451,99598,22607.31201,35620,"new york-newark-jersey city, ny-nj-pa"
11221,16.49462288,59.04398806,24.3,6.893428286,78895,25955.92834,35620,"new york-newark-jersey city, ny-nj-pa"
11222,2.360475755,1.854223849,10.4,9.541694158,36934,43660.33604,35620,"new york-newark-jersey city, ny-nj-pa"
11223,4.502772643,3.715341959,13.6,9.553158706,78731,31406.80653,35620,"new york-newark-jersey city, ny-nj-pa"
11224,9.098930186,20.95511194,20.8,10.7433259,47621,28484.17039,35620,"new york-newark-jersey city, ny-nj-pa"
11225,10.92083721,74.65374574,17.8,8.257742911,56829,32054.40808,35620,"new york-newark-jersey city, ny-nj-pa"
11226,14.82940002,77.22708222,19.5,5.663077392,101572,26869.03931,35620,"new york-newark-jersey city, ny-nj-pa"
11228,3.747690684,1.029295329,8.5,10.0369696,41788,45238.89454,35620,"new york-newark-jersey city, ny-nj-pa"
11229,4.742328111,4.887996892,12.9,10.80681647,80018,39392.79046,35620,"new york-newark-jersey city, ny-nj-pa"
11230,4.020926255,8.404037694,17.3,11.79314432,86408,34224.89659,35620,"new york-newark-jersey city, ny-nj-pa"
11231,7.550190089,11.65210432,14.5,8.630596122,33336,67160.97013,35620,"new york-newark-jersey city, ny-nj-pa"
11232,9.859474161,4.295104261,22.7,9.884537369,28265,24064.58577,35620,"new york-newark-jersey city, ny-nj-pa"
11233,19.36471489,85.25832377,29.8,6.656284939,67053,28313.86557,35620,"new york-newark-jersey city, ny-nj-pa"
11234,9.318828347,42.56463159,7.1,11.55671171,87757,45605.31218,35620,"new york-newark-jersey city, ny-nj-pa"
11235,3.135365167,2.597158771,14.9,9.785313734,79132,39511.6197,35620,"new york-newark-jersey city, ny-nj-pa"
11236,14.51715173,84.61099486,11.1,6.118947345,93877,34559.08589,35620,"new york-newark-jersey city, ny-nj-pa"
11237,13.67143113,13.20495186,30.2,10.79306072,49896,24630.25349,35620,"new york-newark-jersey city, ny-nj-pa"
11238,6.451332435,41.72933965,10.7,4.834772471,49262,53580.51493,35620,"new york-newark-jersey city, ny-nj-pa"
11239,14.74047358,49.63148816,25.8,5.833956619,13393,29518.82933,35620,"new york-newark-jersey city, ny-nj-pa"
11351,,,,,0,,35620,"new york-newark-jersey city, ny-nj-pa"
11354,5.51912017,4.182221774,15.8,11.36800031,54878,32957.34073,35620,"new york-newark-jersey city, ny-nj-pa"
11355,4.503451938,4.156487874,17.2,11.32022708,85871,26050.77381,35620,"new york-newark-jersey city, ny-nj-pa"
11356,7.922095013,2.460850112,7.7,15.58860945,23438,34543.29295,35620,"new york-newark-jersey city, ny-nj-pa"
11357,3.340319623,0.052397171,3.1,15.83949314,39150,54843.08702,35620,"new york-newark-jersey city, ny-nj-pa"
11358,4.128406122,1.508025383,8.4,12.66554855,37546,42574.62536,35620,"new york-newark-jersey city, ny-nj-pa"
11359,,,,,0,,35620,"new york-newark-jersey city, ny-nj-pa"
11360,2.31200641,0.961428408,3.6,9.810791871,18884,72107.96556,35620,"new york-newark-jersey city, ny-nj-pa"
11361,3.518054395,2.756892231,7.3,10.23499434,28606,47898.22509,35620,"new york-newark-jersey city, ny-nj-pa"
11362,1.84790334,1.592039801,5.8,15.49433134,17823,57716.91806,35620,"new york-newark-jersey city, ny-nj-pa"
11363,1.79526356,0.878533231,2,13.61569073,6988,71161.63401,35620,"new york-newark-jersey city, ny-nj-pa"
11364,2.473206925,2.053511204,8.2,11.10454038,34555,48743.39721,35620,"new york-newark-jersey city, ny-nj-pa"
11365,4.471888203,7.26681833,12.4,10.60879697,42252,37908.64,35620,"new york-newark-jersey city, ny-nj-pa"
11366,2.600092039,6.580763921,8,10.19288621,13532,42425.5276,35620,"new york-newark-jersey city, ny-nj-pa"
11367,4.198552223,11.58221303,13.6,10.13414634,41047,38284.71846,35620,"new york-newark-jersey city, ny-nj-pa"
11368,10.9965393,16.43830779,22.1,7.57527354,109931,20548.10248,35620,"new york-newark-jersey city, ny-nj-pa"
11369,10.27553528,20.81432081,14.9,9.115690764,38615,27810.74879,35620,"new york-newark-jersey city, ny-nj-pa"
11370,7.325206992,0.942962282,14.4,11.09433962,39688,19255.12938,35620,"new york-newark-jersey city, ny-nj-pa"
11371,,,,,0,,35620,"new york-newark-jersey city, ny-nj-pa"
11372,6.606110652,2.712634187,15.4,7.241390195,66636,31652.65441,35620,"new york-newark-jersey city, ny-nj-pa"
11373,5.339483745,3.004644403,16.5,5.748459275,100820,26829.20819,35620,"new york-newark-jersey city, ny-nj-pa"
11374,4.213895886,3.369017632,9.8,7.511527592,43600,46919.53262,35620,"new york-newark-jersey city, ny-nj-pa"
11375,2.65594314,2.465787587,6.4,7.24172396,68733,64826.57017,35620,"new york-newark-jersey city, ny-nj-pa"
11377,5.610173792,3.694659394,12.2,7.448262858,89830,30383.34322,35620,"new york-newark-jersey city, ny-nj-pa"
11378,5.30152944,1.394722244,7.6,9.825167852,34981,36326.8401,35620,"new york-newark-jersey city, ny-nj-pa"
11379,3.832063306,1.033118406,6.3,7.610544218,34821,49015.66183,35620,"new york-newark-jersey city, ny-nj-pa"
11385,9.655710242,2.160475998,15.4,5.459709902,98592,31707.35132,35620,"new york-newark-jersey city, ny-nj-pa"
11411,5.320890635,93.53307138,2.5,9.741074484,18556,46269.43384,35620,"new york-newark-jersey city, ny-nj-pa"
11412,11.45550118,89.86768171,6.8,5.35513299,34882,37307.9263,35620,"new york-newark-jersey city, ny-nj-pa"
11413,12.03566122,92.8595014,6.3,8.605116556,38912,40910.20102,35620,"new york-newark-jersey city, ny-nj-pa"
11414,3.28239443,4.421737951,5.2,13.88665917,26148,55802.39106,35620,"new york-newark-jersey city, ny-nj-pa"
11415,3.13016773,8.918025041,6.9,7.51319466,19341,48620.93096,35620,"new york-newark-jersey city, ny-nj-pa"
11416,10.97235864,7.759225481,13.2,7.146908678,24861,28997.94079,35620,"new york-newark-jersey city, ny-nj-pa"
11417,10.2604661,7.508172519,12.6,8.51824274,28967,35267.29821,35620,"new york-newark-jersey city, ny-nj-pa"
11418,7.569180684,9.043226623,13.3,10.06800992,36256,30844.39176,35620,"new york-newark-jersey city, ny-nj-pa"
11419,6.140561286,18.42967938,15.1,7.066756575,47211,25796.6933,35620,"new york-newark-jersey city, ny-nj-pa"
11420,7.252502781,29.47719689,7.6,7.388428212,44354,33300.26292,35620,"new york-newark-jersey city, ny-nj-pa"
11421,10.23137512,5.907449951,14.8,5.495380694,39127,33630.18462,35620,"new york-newark-jersey city, ny-nj-pa"
11422,13.96275271,82.88019122,5.3,8.47246449,30425,43581.19937,35620,"new york-newark-jersey city, ny-nj-pa"
11423,10.03216727,43.67712103,9.1,8.133700799,29987,38445.07268,35620,"new york-newark-jersey city, ny-nj-pa"
11424,,,,,0,,35620,"new york-newark-jersey city, ny-nj-pa"
11425,,,,,0,,35620,"new york-newark-jersey city, ny-nj-pa"
11426,3.12605042,2.638655462,7,14.84658529,17590,48160.4653,35620,"new york-newark-jersey city, ny-nj-pa"
11427,4.962311558,26.6080402,7.3,8.230883251,23593,41434.67316,35620,"new york-newark-jersey city, ny-nj-pa"
11428,5.386909984,23.67081944,8.8,9.452940573,19168,33873.35828,35620,"new york-newark-jersey city, ny-nj-pa"
11429,8.919449902,81.6502947,9.5,5.8390579,25105,37019.2917,35620,"new york-newark-jersey city, ny-nj-pa"
11430,,,,17.24137931,184,,35620,"new york-newark-jersey city, ny-nj-pa"
11432,7.081970729,21.48716024,17.1,9.3458664,60809,29488.29422,35620,"new york-newark-jersey city, ny-nj-pa"
11433,19.29133858,75.63976378,21.4,7.465883846,32687,26904.64431,35620,"new york-newark-jersey city, ny-nj-pa"
11434,11.41650099,91.2027833,8.3,8.609604957,59129,35516.41445,35620,"new york-newark-jersey city, ny-nj-pa"
11435,7.836167769,25.14354459,14.5,6.572409614,53687,31010.34898,35620,"new york-newark-jersey city, ny-nj-pa"
11436,11.11532625,75.60698027,8.2,9.706748623,17949,31281.50101,35620,"new york-newark-jersey city, ny-nj-pa"
11451,,,,,0,,35620,"new york-newark-jersey city, ny-nj-pa"
11501,4.287274713,1.665756417,3,26.18923701,19148,53692.95719,35620,"new york-newark-jersey city, ny-nj-pa"
11507,1.379310345,0,1,18.73847289,7406,60689.6942,35620,"new york-newark-jersey city, ny-nj-pa"
11509,2.761795167,1.265822785,1.1,20.49622438,2653,107988.0337,35620,"new york-newark-jersey city, ny-nj-pa"
11510,7.335056976,26.04615532,4.7,18.01790031,33048,52437.62934,35620,"new york-newark-jersey city, ny-nj-pa"
11514,4.086265607,5.164585698,7,26.57284768,4673,54440.46394,35620,"new york-newark-jersey city, ny-nj-pa"
11516,4.72972973,0,5.3,26.12903226,7556,58256.8726,35620,"new york-newark-jersey city, ny-nj-pa"
11518,3.915975104,0,2.9,26.28123676,10549,60946.87488,35620,"new york-newark-jersey city, ny-nj-pa"
11520,9.850490021,31.84061807,10.9,22.545,43341,39556.40302,35620,"new york-newark-jersey city, ny-nj-pa"
11530,2.756327756,0.654225654,2.9,26.31623714,27273,101545.1958,35620,"new york-newark-jersey city, ny-nj-pa"
11542,5.915872358,6.527144633,10.3,36.96311672,27633,52135.00572,35620,"new york-newark-jersey city, ny-nj-pa"
11545,1.889400922,1.359447005,1.5,18.33692529,12065,127051.4502,35620,"new york-newark-jersey city, ny-nj-pa"
11547,4.255319149,0,5.4,26.171875,793,53346.40438,35620,"new york-newark-jersey city, ny-nj-pa"
11548,4.08719346,0,6.1,50.60483871,2780,20931.89374,35620,"new york-newark-jersey city, ny-nj-pa"
11549,,,,74.02173913,2922,,35620,"new york-newark-jersey city, ny-nj-pa"
11550,14.55546348,52.9655499,15.6,18.08157041,56435,30308.16411,35620,"new york-newark-jersey city, ny-nj-pa"
11552,4.433497537,18.98662913,4.6,18.94298713,23616,51771.58414,35620,"new york-newark-jersey city, ny-nj-pa"
11553,9.191836735,53.3877551,6.4,21.60766962,26034,29635.32193,35620,"new york-newark-jersey city, ny-nj-pa"
11554,2.437428431,1.799443808,2.3,20.65397098,38132,51633.42953,35620,"new york-newark-jersey city, ny-nj-pa"
11556,,,,,17,,35620,"new york-newark-jersey city, ny-nj-pa"
11557,1.34122288,0,2.4,27.17670568,7823,81239.32424,35620,"new york-newark-jersey city, ny-nj-pa"
11558,5.555555556,0.736278447,6.6,25.27498804,8370,50017.93508,35620,"new york-newark-jersey city, ny-nj-pa"
11559,5.586152636,1.376868607,2.3,24.52471483,8176,81867.33779,35620,"new york-newark-jersey city, ny-nj-pa"
11560,3.665814152,1.832907076,2,28.35595777,6464,103750.7947,35620,"new york-newark-jersey city, ny-nj-pa"
11561,4.70813279,4.28853511,6.9,19.83751543,37280,67217.9977,35620,"new york-newark-jersey city, ny-nj-pa"
11563,3.791866029,3.098086124,2.7,19.64925514,22666,58508.61811,35620,"new york-newark-jersey city, ny-nj-pa"
11565,2.501603592,0.801796023,0,16.98294499,8690,69261.22418,35620,"new york-newark-jersey city, ny-nj-pa"
11566,3.661388989,1.178481468,1.2,18.74612811,35321,71999.28108,35620,"new york-newark-jersey city, ny-nj-pa"
11568,3.538812785,2.168949772,0,30.13617525,4555,76877.48641,35620,"new york-newark-jersey city, ny-nj-pa"
11569,12.24832215,0,0,23.47560976,1398,113177.7726,35620,"new york-newark-jersey city, ny-nj-pa"
11570,4.78526379,8.559415357,5.6,22.80539174,26646,83857.07431,35620,"new york-newark-jersey city, ny-nj-pa"
11572,2.640520338,0.757208038,3.5,23.58935931,30574,58094.89975,35620,"new york-newark-jersey city, ny-nj-pa"
11575,12.63357872,69.0097364,13.5,15.78595318,16272,31114.71723,35620,"new york-newark-jersey city, ny-nj-pa"
11576,1.859142607,1.071741032,3.6,18.41751488,12366,137503.4394,35620,"new york-newark-jersey city, ny-nj-pa"
11577,6.33341422,4.756127154,3.3,15.48928239,12337,85758.69949,35620,"new york-newark-jersey city, ny-nj-pa"
11579,6.522805297,4.364884747,1.1,29.42892872,5055,78036.00385,35620,"new york-newark-jersey city, ny-nj-pa"
11580,6.178579872,27.54354165,6.7,15.30691531,40113,47240.10701,35620,"new york-newark-jersey city, ny-nj-pa"
11581,2.838063439,10.73000455,5.1,16.83095638,20844,55623.51982,35620,"new york-newark-jersey city, ny-nj-pa"
11590,7.099598687,20.17511857,5.4,26.69932073,45768,48169.95265,35620,"new york-newark-jersey city, ny-nj-pa"
11596,4.397123894,0,1.7,23.58336731,10480,74272.39354,35620,"new york-newark-jersey city, ny-nj-pa"
11598,2.322512536,1.319609396,3.2,21.25737463,13328,89798.07134,35620,"new york-newark-jersey city, ny-nj-pa"
11691,14.1220568,53.09893359,21.8,15.50052832,60035,28320.74756,35620,"new york-newark-jersey city, ny-nj-pa"
11692,20.94074322,61.9852695,21.5,8.531649668,18540,29395.91161,35620,"new york-newark-jersey city, ny-nj-pa"
11693,14.56396636,28.41965471,18.9,11.33489461,11916,33177.87262,35620,"new york-newark-jersey city, ny-nj-pa"
11694,4.993894994,7.106227106,4.3,14.65734586,20408,57142.64307,35620,"new york-newark-jersey city, ny-nj-pa"
11697,0.587889477,0,2,13.6548913,4079,69634.34121,35620,"new york-newark-jersey city, ny-nj-pa"
11701,8.874142391,31.8749297,7.4,27.12946501,27109,41166.84548,35620,"new york-newark-jersey city, ny-nj-pa"
11702,2.124515056,1.404027342,2.3,25.17034068,14498,65534.65924,35620,"new york-newark-jersey city, ny-nj-pa"
11703,4.145261293,5.952170062,2.6,23.15870373,16415,49473.5371,35620,"new york-newark-jersey city, ny-nj-pa"
11704,6.614960101,10.76888657,4.9,26.59653597,40222,45719.06295,35620,"new york-newark-jersey city, ny-nj-pa"
11705,9.724292101,5.178837556,3.8,21.52298851,8030,59152.25247,35620,"new york-newark-jersey city, ny-nj-pa"
11706,7.87268826,16.28180239,3.8,27.88935926,62543,41045.35369,35620,"new york-newark-jersey city, ny-nj-pa"
11709,5.451586656,0.366151343,4,21.62596401,6669,62736.58367,35620,"new york-newark-jersey city, ny-nj-pa"
11710,3.248440748,0.796950797,1.7,18.4252451,34496,61181.94494,35620,"new york-newark-jersey city, ny-nj-pa"
11713,11.06674273,19.5664575,8.6,16.6241003,10401,44680.38543,35620,"new york-newark-jersey city, ny-nj-pa"
11714,2.482671708,0.277252678,0.8,22.81980873,22658,58762.81423,35620,"new york-newark-jersey city, ny-nj-pa"
11715,5.263157895,0,2.5,28.35955056,4752,58986.88616,35620,"new york-newark-jersey city, ny-nj-pa"
11716,5.402542373,0.185381356,3.9,25.27040315,10700,52862.96249,35620,"new york-newark-jersey city, ny-nj-pa"
11717,11.78995564,18.58634998,7.5,23.23096493,60745,26687.72394,35620,"new york-newark-jersey city, ny-nj-pa"
11718,3.531598513,0.557620818,2.9,28.3974359,3103,78592.87632,35620,"new york-newark-jersey city, ny-nj-pa"
11719,0.742804085,2.228412256,2.3,17.83295711,3589,51499.08409,35620,"new york-newark-jersey city, ny-nj-pa"
11720,5.803964758,3.292951542,3.6,22.98173247,29189,47889.80136,35620,"new york-newark-jersey city, ny-nj-pa"
11721,9.74137931,0,5.6,18.25487945,6292,74958.15017,35620,"new york-newark-jersey city, ny-nj-pa"
11722,11.12098765,24.63209877,10.6,22.71892574,35177,32720.31788,35620,"new york-newark-jersey city, ny-nj-pa"
11724,3.962460897,0,1.6,28.55902778,3220,97913.16089,35620,"new york-newark-jersey city, ny-nj-pa"
11725,2.038014784,0.380147835,1.5,22.92633069,29150,66205.3119,35620,"new york-newark-jersey city, ny-nj-pa"
11726,7.578740157,14.74737533,8.7,35.67044627,19857,36638.46442,35620,"new york-newark-jersey city, ny-nj-pa"
11727,5.20644694,10.09597972,5.6,11.38374343,29030,48785.32961,35620,"new york-newark-jersey city, ny-nj-pa"
11729,5.946116607,11.029257,5.5,19.60893411,28032,48183.88974,35620,"new york-newark-jersey city, ny-nj-pa"
11730,4.089709763,0.857519789,2.1,19.91034163,14712,55543.20097,35620,"new york-newark-jersey city, ny-nj-pa"
11731,4.865081753,0.351088374,2.1,23.69547263,30184,63701.2667,35620,"new york-newark-jersey city, ny-nj-pa"
11732,1.230348599,0,2.2,15.61206387,3430,90331.28803,35620,"new york-newark-jersey city, ny-nj-pa"
11733,2.906369648,1.688130874,1.4,30.84860993,18949,80814.42834,35620,"new york-newark-jersey city, ny-nj-pa"
11735,4.528096017,3.127841426,2.4,23.34613206,32098,52808.7376,35620,"new york-newark-jersey city, ny-nj-pa"
11738,5.453866268,1.456854688,5.2,17.21088435,17638,45645.41722,35620,"new york-newark-jersey city, ny-nj-pa"
11739,1.03950104,0,0,17.36694678,1223,100715.2318,35620,"new york-newark-jersey city, ny-nj-pa"
11740,3.997648442,3.086419753,2.6,16.06425703,9454,72504.6172,35620,"new york-newark-jersey city, ny-nj-pa"
11741,6.749059645,1.945190758,3.6,25.26041667,27655,51653.9931,35620,"new york-newark-jersey city, ny-nj-pa"
11742,5.035492458,2.129547471,3.3,20.12528108,13261,50495.69388,35620,"new york-newark-jersey city, ny-nj-pa"
11743,3.831138755,5.300072785,2.2,25.90180616,42230,88613.30474,35620,"new york-newark-jersey city, ny-nj-pa"
11746,5.324748567,5.611429646,4.6,25.74128804,67094,60162.84748,35620,"new york-newark-jersey city, ny-nj-pa"
11747,5.105021561,3.67227709,3.8,25.73085286,19803,100323.3929,35620,"new york-newark-jersey city, ny-nj-pa"
11749,8.389585342,12.15043394,6.3,24.0245262,3345,46092.78358,35620,"new york-newark-jersey city, ny-nj-pa"
11751,4.697204969,3.241459627,2.5,27.41647188,14961,59398.16361,35620,"new york-newark-jersey city, ny-nj-pa"
11752,5.323066622,2.34348845,2.3,21.46507666,9531,47474.30173,35620,"new york-newark-jersey city, ny-nj-pa"
11753,1.888180481,0.956351153,2.1,18.81349782,12014,107676.7196,35620,"new york-newark-jersey city, ny-nj-pa"
11754,2.215189873,0.030138638,3.4,23.80528016,18958,62252.54389,35620,"new york-newark-jersey city, ny-nj-pa"
11755,4.419889503,1.682571572,6.4,20.50619835,12387,51216.16818,35620,"new york-newark-jersey city, ny-nj-pa"
11756,4.470829669,0.28583993,2.4,20.50232301,42791,51224.05048,35620,"new york-newark-jersey city, ny-nj-pa"
11757,4.240775153,2.256437483,3.9,23.4117329,45700,44902.8655,35620,"new york-newark-jersey city, ny-nj-pa"
11758,2.185582822,3.960341805,2.4,20.4271904,53804,64163.12808,35620,"new york-newark-jersey city, ny-nj-pa"
11762,1.236433576,0.48083528,1.4,19.44092724,22360,63177.51882,35620,"new york-newark-jersey city, ny-nj-pa"
11763,6.796422935,8.648079958,5.3,21.62596871,28506,45245.6489,35620,"new york-newark-jersey city, ny-nj-pa"
11764,6.284916201,1.745810056,2.2,16.43765903,13200,62985.99131,35620,"new york-newark-jersey city, ny-nj-pa"
11765,0.790513834,0,1.5,20.22058824,737,194825.1278,35620,"new york-newark-jersey city, ny-nj-pa"
11766,3.518993242,1.095315777,2.7,16.89189189,12635,65382.31915,35620,"new york-newark-jersey city, ny-nj-pa"
11767,5.956375839,1.97147651,3.1,17.8300129,14530,61055.61057,35620,"new york-newark-jersey city, ny-nj-pa"
11768,3.089851325,0.051712993,1.6,19.641385,21902,88360.90302,35620,"new york-newark-jersey city, ny-nj-pa"
11769,0.812763396,0.872968092,1.8,16.28689798,9506,59947.2473,35620,"new york-newark-jersey city, ny-nj-pa"
11770,0,0,0,51.96078431,137,70908.31579,35620,"new york-newark-jersey city, ny-nj-pa"
11771,2.888624181,3.901131626,4,20.60190849,10007,99994.12214,35620,"new york-newark-jersey city, ny-nj-pa"
11772,8.229350539,6.39722442,10.8,25.19109821,44837,41928.18264,35620,"new york-newark-jersey city, ny-nj-pa"
11776,4.043286954,0.53514092,2.9,26.61905934,24235,54059.56615,35620,"new york-newark-jersey city, ny-nj-pa"
11777,1.888920214,1.832534536,2,28.54046243,8968,78344.87814,35620,"new york-newark-jersey city, ny-nj-pa"
11778,6.222222222,1.099415205,3.3,18.03808228,12709,46856.62354,35620,"new york-newark-jersey city, ny-nj-pa"
11779,5.560229446,1.644359465,3,22.2093574,38421,48259.95793,35620,"new york-newark-jersey city, ny-nj-pa"
11780,2.123015873,0.416666667,1.4,20.00966651,15524,73982.97165,35620,"new york-newark-jersey city, ny-nj-pa"
11782,5.006442113,1.251610528,3.4,25.51673945,15814,66268.19735,35620,"new york-newark-jersey city, ny-nj-pa"
11783,1.650071124,0,1.3,18.55789677,21288,59798.22233,35620,"new york-newark-jersey city, ny-nj-pa"
11784,4.727495407,2.608695652,4.7,18.9877397,24655,43447.40477,35620,"new york-newark-jersey city, ny-nj-pa"
11786,2.02020202,0,1.3,19.24867021,6344,66142.88977,35620,"new york-newark-jersey city, ny-nj-pa"
11787,3.571428571,0.250333778,3.7,21.89465894,35772,69012.38649,35620,"new york-newark-jersey city, ny-nj-pa"
11788,4.135605254,2.644657437,1.4,25.67828211,16821,62324.75689,35620,"new york-newark-jersey city, ny-nj-pa"
11789,6.303939962,0,7.5,16.48949961,7895,46591.53521,35620,"new york-newark-jersey city, ny-nj-pa"
11790,1.222339305,2.739726027,0.4,29.28319305,18511,55253.01344,35620,"new york-newark-jersey city, ny-nj-pa"
11791,3.27707281,0.505112726,2.1,18.84922456,25076,97583.49016,35620,"new york-newark-jersey city, ny-nj-pa"
11792,0.718484651,0.783801437,2.3,24.91954023,8523,67881.70117,35620,"new york-newark-jersey city, ny-nj-pa"
11793,1.999810445,0.322244337,1.6,17.51058977,32298,66579.47668,35620,"new york-newark-jersey city, ny-nj-pa"
11794,,,,48.78854626,3165,,35620,"new york-newark-jersey city, ny-nj-pa"
11795,4.525105868,0.145190563,2.8,30.55600981,26030,57563.97547,35620,"new york-newark-jersey city, ny-nj-pa"
11796,2.881619938,0.934579439,1.6,25.6916996,4056,53863.13151,35620,"new york-newark-jersey city, ny-nj-pa"
11797,4.681950274,0.678075557,2.3,22.09336039,9041,125605.7644,35620,"new york-newark-jersey city, ny-nj-pa"
11798,14.09045726,68.86182903,10.3,18.75420875,15347,30658.58722,35620,"new york-newark-jersey city, ny-nj-pa"
11801,3.431869589,1.419546057,2.7,23.70746572,39553,52956.30435,35620,"new york-newark-jersey city, ny-nj-pa"
11803,1.964636542,0.475648847,1.7,22.1525206,28127,77335.33322,35620,"new york-newark-jersey city, ny-nj-pa"
11804,1.581508516,0.486618005,2.1,24.91434165,5010,67065.87234,35620,"new york-newark-jersey city, ny-nj-pa"
11901,9.458098308,14.6353747,13.4,35.7557628,27172,38166.58569,35620,"new york-newark-jersey city, ny-nj-pa"
11930,1.151631478,1.151631478,2,66.66666667,1343,86350.77339,35620,"new york-newark-jersey city, ny-nj-pa"
11931,0,0,0,35.29411765,151,,35620,"new york-newark-jersey city, ny-nj-pa"
11932,2.07852194,3.002309469,3.3,41.57608696,1398,61928.98134,35620,"new york-newark-jersey city, ny-nj-pa"
11933,0.899213188,3.446983889,3.2,25.34482759,6844,60011.26635,35620,"new york-newark-jersey city, ny-nj-pa"
11934,1.661264182,1.70178282,2.1,25.83717358,7263,50330.00492,35620,"new york-newark-jersey city, ny-nj-pa"
11935,2.23880597,4.850746269,1,36.39387891,3304,71964.92203,35620,"new york-newark-jersey city, ny-nj-pa"
11937,3.278176709,3.403059632,4.1,45.43534027,15398,71664.53795,35620,"new york-newark-jersey city, ny-nj-pa"
11939,2.35042735,0,1.4,41.23989218,926,83235.20309,35620,"new york-newark-jersey city, ny-nj-pa"
11940,2.929085303,4.265159301,1.8,15.51934827,5210,62027.10883,35620,"new york-newark-jersey city, ny-nj-pa"
11941,3.389830508,0,5.1,31.81818182,1986,58406.99163,35620,"new york-newark-jersey city, ny-nj-pa"
11942,3.690685413,0,1.3,28.73062016,4603,63326.62124,35620,"new york-newark-jersey city, ny-nj-pa"
11944,5,5.934065934,11.2,42.57425743,4299,61300.64542,35620,"new york-newark-jersey city, ny-nj-pa"
11946,4.732159758,0.473215976,5,24.53479281,14068,47369.95052,35620,"new york-newark-jersey city, ny-nj-pa"
11947,0,0,0,15.95744681,416,17217.49451,35620,"new york-newark-jersey city, ny-nj-pa"
11948,12.53071253,0,0,35.44303797,1123,83963.87326,35620,"new york-newark-jersey city, ny-nj-pa"
11949,7.090613572,0.507923608,1.5,10.68290427,14573,60197.50142,35620,"new york-newark-jersey city, ny-nj-pa"
11950,7.826086957,7.752081406,8.6,18.45875823,16268,36173.33246,35620,"new york-newark-jersey city, ny-nj-pa"
11951,11.0914715,10.53910738,13.5,12.60142408,13680,34949.88371,35620,"new york-newark-jersey city, ny-nj-pa"
11952,10.554371,1.492537313,0.8,39.25742574,4637,63493.83863,35620,"new york-newark-jersey city, ny-nj-pa"
11953,5.580933466,9.53326713,4.6,15.14990243,13553,43908.00501,35620,"new york-newark-jersey city, ny-nj-pa"
11954,2.705814623,4.202648244,6.7,49.30203046,3326,74240.57902,35620,"new york-newark-jersey city, ny-nj-pa"
11955,3.144654088,5.031446541,3.2,19.78771797,3285,49794.91433,35620,"new york-newark-jersey city, ny-nj-pa"
11956,0,0,0,28.27586207,349,75626.66029,35620,"new york-newark-jersey city, ny-nj-pa"
11957,4.624277457,0,0,29.66666667,743,82839.12322,35620,"new york-newark-jersey city, ny-nj-pa"
11958,0,0,0,40.19607843,635,70888.02519,35620,"new york-newark-jersey city, ny-nj-pa"
11959,2.873563218,7.183908046,0,31.86440678,939,78873.52284,35620,"new york-newark-jersey city, ny-nj-pa"
11960,1.526717557,0,0,35.42168675,1084,67587.88496,35620,"new york-newark-jersey city, ny-nj-pa"
11961,3.696535707,3.890071608,6.9,21.08304795,12834,52735.85111,35620,"new york-newark-jersey city, ny-nj-pa"
11962,0,0,0,34.28571429,494,88429.56426,35620,"new york-newark-jersey city, ny-nj-pa"
11963,1.97710718,2.532084634,5.8,42.39240935,6622,97171.08852,35620,"new york-newark-jersey city, ny-nj-pa"
11964,0.833333333,0,2,57.65550239,1858,84156.74376,35620,"new york-newark-jersey city, ny-nj-pa"
11965,4.710144928,0,0,27.17391304,534,106985.6424,35620,"new york-newark-jersey city, ny-nj-pa"
11967,7.808374198,6.035458318,7.1,17.31198215,26583,37057.03567,35620,"new york-newark-jersey city, ny-nj-pa"
11968,2.985074627,3.972445465,5.9,34.45037353,11593,83229.78132,35620,"new york-newark-jersey city, ny-nj-pa"
11970,0,0,0,30.16949153,522,110159.852,35620,"new york-newark-jersey city, ny-nj-pa"
11971,1.955521472,0,1.2,40.96293466,5818,85250.21678,35620,"new york-newark-jersey city, ny-nj-pa"
11972,3.846153846,4.358974359,4.1,27.23658052,1321,50564.6317,35620,"new york-newark-jersey city, ny-nj-pa"
11973,,,,0,9,,35620,"new york-newark-jersey city, ny-nj-pa"
11975,4,1.333333333,3.2,27.27272727,408,73654.8,35620,"new york-newark-jersey city, ny-nj-pa"
11976,2.787456446,0,0,44.14019715,1565,170887.0407,35620,"new york-newark-jersey city, ny-nj-pa"
11977,5.951115834,0.637619554,0.8,36.91128149,2467,75851.47489,35620,"new york-newark-jersey city, ny-nj-pa"
11978,5.543710021,1.208244492,5.6,40.10282776,3255,74367.43131,35620,"new york-newark-jersey city, ny-nj-pa"
11980,5.512909979,2.721563154,9.4,18.44197138,4990,36514.10786,35620,"new york-newark-jersey city, ny-nj-pa"
12531,1.201716738,0.343347639,1.6,23.54988399,3601,54757.34974,35620,"new york-newark-jersey city, ny-nj-pa"
12533,3.51845464,4.127860182,4.2,17.44707571,25307,61044.78307,35620,"new york-newark-jersey city, ny-nj-pa"
12563,3.993203059,4.163126593,2.9,19.94476833,8084,36869.21547,35620,"new york-newark-jersey city, ny-nj-pa"
12582,10.73298429,1.047120419,1.9,15.05538771,6191,34637.01665,35620,"new york-newark-jersey city, ny-nj-pa"
18302,7.183427999,15.43601737,7.5,12.49354672,17362,37508.33253,35620,"new york-newark-jersey city, ny-nj-pa"
18324,9.769792252,20.80291971,12.8,11.58008658,9714,36000.79885,35620,"new york-newark-jersey city, ny-nj-pa"
18325,8.859566447,2.7332705,4.9,26.95924765,2465,42513.80321,35620,"new york-newark-jersey city, ny-nj-pa"
18328,6.171428571,1.40952381,13.5,15.489594,7759,31455.93995,35620,"new york-newark-jersey city, ny-nj-pa"
18336,8.778391651,1.227747084,8.3,43.97759104,4082,39500.07827,35620,"new york-newark-jersey city, ny-nj-pa"
18337,5.105900151,1.45612708,4.7,22.18169761,14572,45848.1317,35620,"new york-newark-jersey city, ny-nj-pa"
18340,0,0,0,19.04761905,174,36575.38983,35620,"new york-newark-jersey city, ny-nj-pa"
18371,9.677419355,9.677419355,0,40.53030303,747,41503.08898,35620,"new york-newark-jersey city, ny-nj-pa"
18405,4.335260116,0.481695568,9,28.01857585,2561,38178.62257,35620,"new york-newark-jersey city, ny-nj-pa"
18425,2.13592233,6.213592233,0,17.42808799,1354,33312.51951,35620,"new york-newark-jersey city, ny-nj-pa"
18426,3.269330566,0,11.3,20.10935601,4526,39778.4007,35620,"new york-newark-jersey city, ny-nj-pa"
18428,3.035522067,1.334768568,4.9,37.63627354,12012,43916.30717,35620,"new york-newark-jersey city, ny-nj-pa"
18435,0,0,0,61.414791,795,38606.72031,35620,"new york-newark-jersey city, ny-nj-pa"
18445,3.262233375,5.897114178,6.5,20.02328289,2329,29944.1383,35620,"new york-newark-jersey city, ny-nj-pa"
18451,0,0,0,42.55319149,448,41533.81362,35620,"new york-newark-jersey city, ny-nj-pa"
18457,0,0,0,81.25,82,36231.95122,35620,"new york-newark-jersey city, ny-nj-pa"
18458,1.075268817,1.075268817,2.4,24.3851019,3017,46472.24162,35620,"new york-newark-jersey city, ny-nj-pa"
18460,0,0,11.1,4.285714286,184,47379.0885,35620,"new york-newark-jersey city, ny-nj-pa"
18464,3.358208955,0.746268657,8.5,27.70833333,1193,47014.85714,35620,"new york-newark-jersey city, ny-nj-pa"
